AccountAge,MonthlyCharges,TotalCharges,PaperlessBilling,MultiDeviceAccess,ViewingHoursPerWeek,AverageViewingDuration,ContentDownloadsPerMonth,UserRating,SupportTicketsPerMonth,Gender,WatchlistSize,ParentalControl,SubtitlesEnabled,SubscriptionType_Premium,SubscriptionType_Standard,PaymentMethod_Credit card,PaymentMethod_Electronic check,PaymentMethod_Mailed check,ContentType_Movies,ContentType_TV Shows,DeviceRegistered_Mobile,DeviceRegistered_TV,DeviceRegistered_Tablet,GenrePreference_Comedy,GenrePreference_Drama,GenrePreference_Fantasy,GenrePreference_Sci-Fi
-1.5905754226142081,1.5673488146332588,-1.3972863477633624,0,0,-0.20259348293899027,-1.444102352376073,-1.3062134690484484,-1.8782219739873172,-0.15536429188684994,1,-1.5322972432270414,0,1,False,False,False,True,False,False,True,False,False,False,False,False,False,True
0.8466299489226806,-3.707514742634213e-16,0.8564819762017777,1,0,-0.17090375250169532,1.3254874280546334,-1.7254381218375354,-2.6377884531073293e-16,-1.5186063245705534,1,0.8574558451667754,1,1,True,False,False,False,False,False,True,False,True,False,True,False,False,False
1.6194023838002305,0.9041208870781986,-8.116272163407169e-17,1,1,-0.7521673966061367,0.0718649530736827,1.698229875940009,-0.40741213937818677,0.18544621628407598,0,0.2951610008388185,1,1,False,False,True,False,False,False,False,True,False,False,True,False,False,False
-1.6500194560663275,0.3697762484461328,-1.496595780212119,0,1,-1.554464123137394,-0.15400726159963066,-0.25815183707573064,-1.1499134837030818,-1.5186063245705534,1,-0.5482812656531169,1,1,False,True,True,False,False,False,False,False,True,False,False,False,False,False
-1.531131389162089,-3.707514742634213e-16,-1.4448491945347322,1,0,-0.2604898879517125,-0.6034851759976945,1.279005223150922,0.4190717711125523,-0.49617480005777587,1,0.2951610008388185,1,1,False,True,True,False,False,True,False,True,False,False,False,False,False,True
-1.0258571048190757,-3.707514742634213e-16,-1.1846164654253595,0,1,1.1467761993616863,1.2612816776130693,1.209134447686074,-0.31256697199613226,1.5486882489677798,1,0.15458728975682928,0,1,False,True,False,False,True,False,False,False,True,False,False,False,False,True
-1.47168735570997,-1.3978050605161885,-8.116272163407169e-17,0,1,1.650008952026683,0.12020512827357112,1.5584883250103132,-1.2454207733040619,-1.1777958163996276,0,-1.251149821063063,1,1,True,False,False,True,False,False,True,False,False,False,False,False,False,False
0.6682978485663229,0.11488632823389981,0.6690708560865963,0,1,1.1300071366454414,1.121097256164945,0.44055591757274776,-0.6752690266199683,1.5486882489677798,1,1.4197506894947323,1,1,True,False,False,True,False,False,False,False,False,False,False,False,True,False
1.738290450704469,0.591739093581218,2.1263349709352766,1,1,-0.17404583374528784,0.42194190249391367,0.9995221212915305,0.9954401692995195,-0.8369853082287018,1,-0.9700023988990846,0,1,False,True,True,False,False,True,False,False,True,False,False,False,False,False
1.738290450704469,-3.707514742634213e-16,0.4716506233259697,0,0,1.4051381628366968,1.3342256690720866,1.3488759986157697,0.8372522895596818,1.2078777407968537,1,-0.4077075545711276,1,0,False,False,False,False,False,False,True,False,False,False,True,False,False,False
-0.817802987736658,1.533969496791878,-0.3710784046676918,0,1,1.3096925618597695,-1.453207076199567,-0.9568595917242091,-2.6377884531073293e-16,-0.15536429188684994,0,-0.8294286878170953,1,1,False,True,False,False,False,False,True,True,False,False,False,False,True,False
1.2330161663614556,-0.6303009320310763,-8.116272163407169e-17,1,0,0.5662310561481431,1.6815972841081182,1.628359100475161,-2.6377884531073293e-16,-1.5186063245705534,0,0.5763084230027969,1,1,False,True,False,True,False,False,True,False,True,False,True,False,False,False
1.589680367074171,-3.707514742634213e-16,-0.17503420007789403,1,1,-1.3365491336868816,1.1075800168200176,1.1392636722212262,-2.6377884531073293e-16,-0.8369853082287018,1,0.15458728975682928,1,1,False,False,False,True,False,True,False,True,False,False,False,False,False,False
-1.5014093724360293,-3.707514742634213e-16,-8.116272163407169e-17,0,0,0.7359126123404902,-0.5290689069419564,-1.445955019978144,-2.6377884531073293e-16,1.5486882489677798,0,-1.6728709543090308,0,1,False,False,True,False,False,False,True,False,True,False,False,True,False,False
-0.5800268539281811,-3.707514742634213e-16,-1.0396874896403452,1,1,1.1000639862009052,1.6236043458240448,-1.0966011426539048,-1.8950313898836333,-1.1777958163996276,0,0.5763084230027969,0,1,True,False,False,True,False,True,False,False,False,False,False,False,False,False
1.2627381830875153,-0.99433484540985,0.3114647989545789,1,0,-0.9823601134474428,-1.100558427464447,-1.6555673463726874,-1.8145437901735246,0.18544621628407598,0,-1.1105761099810738,1,1,False,True,False,False,False,True,False,False,False,True,False,True,False,False
-1.0853011382711948,-1.2703476426247682,-1.2119356009679019,1,0,0.6137266303147761,-1.2014313687377782,-0.46776416347027416,1.7177976450431942,0.18544621628407598,1,-0.5482812656531169,0,1,False,True,True,False,False,False,False,True,False,False,True,False,False,False
0.6682978485663229,0.17714006993858536,0.7101078043236966,0,0,0.14692056702038914,1.780714648946031,1.4187467740806174,0.5711730707915789,0.18544621628407598,0,0.15458728975682928,0,0,False,True,False,False,True,True,False,False,False,False,False,False,True,False
0.9060739823747999,-1.7131011330384773,-8.116272163407169e-17,1,0,-0.21375115893675506,-0.6131823215304884,0.5104266930375956,-2.6377884531073293e-16,-0.8369853082287018,1,-1.3917235321450523,0,0,False,False,True,False,False,False,True,False,False,False,False,True,False,False
-0.5800268539281811,0.3481856441318932,-0.4262697438719444,1,0,1.1977939845182508,1.1772742170588664,-0.39789338800542634,-1.5498846133036386,-0.8369853082287018,1,0.4357347119208077,1,1,False,False,False,True,False,False,True,False,True,False,False,False,False,False
1.0844060827311575,-0.7919520304022943,0.3561457657273529,1,1,1.574817196742314,0.37526310099623805,-0.7472472653296656,-2.6377884531073293e-16,0.8670672326259278,0,0.2951610008388185,0,1,True,False,False,False,False,True,False,False,False,False,False,False,True,False
0.3116336478536075,0.5586936302787956,0.5839148957722299,1,1,1.3139526182469723,-1.6328065814436556,0.021331264783660715,1.3714771824762648,-0.8369853082287018,0,-1.251149821063063,0,1,False,True,True,False,False,True,False,True,False,False,False,True,False,False
1.3816262499917538,-0.4695179934650862,0.8359199247681577,1,0,-0.10541917106302855,-0.2914175160557765,-1.7254381218375354,1.8208241498622786,-1.5186063245705534,0,-0.5482812656531169,0,1,False,False,True,False,False,False,False,False,False,False,True,False,False,False
0.4899657482099652,-3.707514742634213e-16,1.496547296777239,0,0,0.774241995704244,0.02978118504482163,-1.2363426935836004,0.12263683350718461,0.18544621628407598,0,0.2951610008388185,0,1,False,True,False,False,False,True,False,True,False,False,False,False,False,True
-1.1447451717233141,-1.4198206958946067,-1.2681460555177941,1,1,-0.8756530375767847,1.2139395324890427,1.4886175495454654,1.3772359890227548,-1.5186063245705534,1,1.7008981116587107,0,1,True,False,False,False,False,False,False,False,False,False,False,True,False,False
-0.6097488706542408,-0.34927131221496005,-0.6686478611223005,1,0,-0.4361466331521912,1.5886583794474967,-0.8171180407945134,1.0458006959696193,0.8670672326259278,1,-0.8294286878170953,0,1,True,False,False,False,True,False,True,True,False,False,True,False,False,False
-1.233911221901493,-0.7057841272710438,-1.2195282572440214,0,1,0.850877287757372,-0.9359602448189643,0.3706851421078999,-1.3083797628907181,-0.49617480005777587,0,0.8574558451667754,0,1,False,False,True,False,False,False,False,False,True,False,False,False,False,False
-0.8772470211887773,-3.707514742634213e-16,-0.9450846085513491,1,0,-0.6816349349021636,1.7183354578507546,0.9296513458266826,-1.877614239017329,1.2078777407968537,0,0.4357347119208077,0,1,False,True,True,False,False,False,False,True,False,False,True,False,False,False
-1.47168735570997,1.0629100880241442,-1.271390802585017,1,1,0.8669288390311545,1.2651426280995588,1.1392636722212262,-0.5235076306162867,1.2078777407968537,1,0.5763084230027969,0,1,False,False,False,False,False,True,False,True,False,False,False,False,True,False
1.5302363336220517,-1.1385729785679315,0.3500290287762507,0,0,-1.7676953263213449,-0.33807994119553914,0.23094359117820426,-2.6377884531073293e-16,-0.49617480005777587,0,0.7168821340847862,1,1,True,False,True,False,False,False,False,False,False,True,False,False,False,True
-0.5503048372021215,1.1070306081222445,-0.15267043232820368,0,0,-0.4797975922494513,-0.055408382871611525,0.5104266930375956,1.2899173724981179,0.8670672326259278,1,1.4197506894947323,0,1,False,True,True,False,False,False,True,False,False,False,False,False,False,False
-0.8475250044627176,-0.4741344577100071,-0.8904383767990784,1,0,1.2192683445946622,-1.6933571211415563,1.1392636722212262,-1.4474669111141887,0.18544621628407598,1,-1.5322972432270414,1,1,False,False,True,False,False,False,False,False,False,True,False,True,False,False
-0.817802987736658,1.8004574411911065,-0.30520373785650434,1,1,1.3702015349298964,1.3989154425345207,-0.3280226125405785,-0.813062295450904,-0.8369853082287018,0,-0.4077075545711276,1,1,False,False,False,True,False,True,False,True,False,False,False,True,False,False
-0.5800268539281811,-1.1150512811021522,-8.116272163407169e-17,1,0,1.3592579922925343,0.978321243025571,-0.39789338800542634,-1.7740394986813348,0.5262567244550019,0,1.7008981116587107,0,1,False,False,True,False,False,False,False,False,True,False,True,False,False,False
-1.1447451717233141,-3.707514742634213e-16,-8.116272163407169e-17,0,0,0.49096124534724067,0.2455320338844938,-0.8869888162593612,-1.7329402842570065,-0.49617480005777587,0,0.5763084230027969,0,1,False,True,False,False,False,False,False,False,False,True,True,False,False,False
-0.37197273684576376,0.19706542519064418,-0.27411600405963255,0,1,-0.5512447433101975,0.3711496374909003,-0.3280226125405785,-0.8419734713633056,-1.1777958163996276,0,0.15458728975682928,0,1,False,False,False,False,False,False,False,False,False,False,False,False,False,True
0.7277418820184421,-3.707514742634213e-16,1.670519034585435,1,1,-1.6599399578903407,-1.1585577885298297,0.9296513458266826,-1.272548833772464,1.2078777407968537,0,1.7008981116587107,0,1,True,False,True,False,False,False,True,False,False,True,True,False,False,False
-1.2041892051754333,1.6937156470246058,-0.8623556086961209,0,0,1.6268230354754607,0.6750125111762969,-0.3280226125405785,-0.7068356456517151,0.5262567244550019,1,0.7168821340847862,0,1,False,True,False,True,False,True,False,False,True,False,True,False,False,False
-1.5014093724360293,-0.1163429676534327,-1.3750393169219954,1,1,1.6501646498819957,-0.9853525113104729,1.209134447686074,2.0197226010984455,-1.1777958163996276,0,-0.26713384348913843,0,1,True,False,False,True,False,True,False,False,True,False,False,True,False,False
-0.431416770297883,-0.38471243014164463,-0.5372398327180786,0,1,-1.5818588095383785,0.3562636378308978,1.1392636722212262,1.562891318919635,-0.15536429188684994,1,-0.26713384348913843,0,0,False,True,True,False,False,False,False,False,False,False,False,True,False,False
1.4707923001699326,-0.6580677484280502,0.738692493393959,1,0,-1.392591027311273,-1.3490400067482278,1.5584883250103132,-2.6377884531073293e-16,0.18544621628407598,1,0.9980295562487647,1,1,True,False,True,False,False,False,False,False,False,False,False,False,False,False
-0.2530846699415253,-3.707514742634213e-16,0.06687196541852687,0,0,-0.3442000474808411,0.4224941483137767,0.789909794896987,-2.6377884531073293e-16,0.8670672326259278,0,0.4357347119208077,1,1,False,False,False,False,True,False,True,False,False,True,False,False,False,False
1.6788464172523498,-0.2591602505452444,1.2635521382202042,0,1,1.0897450063403602,0.11949977522978433,-1.515825795442992,-1.4413810075273628,-0.8369853082287018,0,0.2951610008388185,1,1,False,False,False,False,True,True,False,True,False,False,False,False,False,True
0.10357953077119011,1.6111601063707612,-8.116272163407169e-17,0,0,-1.7176046957521334,0.9712786540145081,0.8597805703618348,1.0605288308175944,0.8670672326259278,1,0.7168821340847862,1,1,False,False,False,False,False,True,False,False,True,False,True,False,False,False
-1.5608534058881487,-0.8709759920495375,-1.4579566804333612,1,1,-0.8600420194188757,-1.4796397949734101,-0.3280226125405785,-1.4970684803138679,1.2078777407968537,1,0.014013578674840039,0,1,True,False,True,False,False,True,False,True,False,False,True,False,False,False
-1.2636332386275524,-1.2123889900779672,-1.3032001257017862,0,0,0.13629444710175098,1.2982312513271608,1.0693928967563784,1.2028150142211937,1.5486882489677798,1,0.9980295562487647,1,1,True,False,False,True,False,False,True,False,False,True,False,False,False,True
0.10357953077119011,0.6214318611125869,0.39511906385063905,0,0,0.33487231312122406,0.7113890376765404,-1.2363426935836004,-1.2105143946793833,0.5262567244550019,1,-0.8294286878170953,1,1,True,False,True,False,False,False,False,False,True,False,False,False,False,False
0.6088538151142037,-0.653226751238049,0.11976023951028547,1,0,0.3836932987369592,0.14280573317150153,0.3706851421078999,-2.6377884531073293e-16,-0.8369853082287018,0,0.15458728975682928,0,1,False,False,False,True,False,False,False,True,False,False,False,False,True,False
0.014413480593011258,-0.3156852232585306,-0.1487181091555942,1,0,0.11615024308569706,0.118441306605805,0.021331264783660715,-1.5535703312833236,1.2078777407968537,0,-0.4077075545711276,0,1,False,True,False,True,False,False,True,False,False,False,True,False,False,False
0.19274558094936897,-1.2032025957729813,-8.116272163407169e-17,0,0,-0.17709602846977768,1.5288105179523743,0.09120204024850856,2.0842141522087703,-1.1777958163996276,1,0.4357347119208077,1,1,True,False,False,False,True,True,False,False,False,False,False,False,False,False
-1.3230772720796717,-0.41235499719207064,-1.251266489219493,0,0,1.5190185030726935,-1.436794345849856,1.0693928967563784,1.2232887093003801,0.8670672326259278,0,1.2791769784127431,1,1,True,False,True,False,False,False,False,False,True,False,True,False,False,False
0.014413480593011258,0.5596664210649992,0.26962262622753863,1,1,0.0633921148061063,-0.3716661806124578,0.9296513458266826,-0.6308592752676071,1.5486882489677798,1,-0.9700023988990846,0,1,True,False,True,False,False,False,True,True,False,False,False,True,False,False
1.3221822165396344,-1.1220173148213008,0.24151008963719994,0,1,-0.912588173169032,1.0399841813670603,1.0693928967563784,-0.16124200116898824,-0.49617480005777587,1,1.138603267330754,1,1,False,False,False,False,False,True,False,False,False,True,False,False,True,False
0.4899657482099652,-1.2502178753475377,-0.33021337117680827,0,0,-0.18920719300394032,-1.3528318530654269,-1.2363426935836004,1.5030202815745821,-0.49617480005777587,1,0.7168821340847862,0,1,False,True,False,True,False,True,False,False,False,False,True,False,False,False
-0.4611387870239426,1.9676938362898406,-8.116272163407169e-17,1,1,-0.4292226219233307,-0.44074352429635194,1.209134447686074,-1.3786102375332976,-0.15536429188684994,0,-1.3917235321450523,1,1,False,True,False,False,False,False,True,False,False,False,False,False,True,False
0.2224675976754286,-1.8085165915863812,-0.7783678602860172,0,1,1.671717569650289,-0.6290493214207876,-0.39789338800542634,1.4211582930819617,-1.1777958163996276,0,1.5603244005767216,1,1,True,False,False,False,False,False,True,False,False,False,False,False,False,False
-1.5014093724360293,-1.0060741832946887,-1.426358115176089,1,0,0.06373992219062552,0.9005208482826946,-1.6555673463726874,0.9267979597390382,0.8670672326259278,0,-1.6728709543090308,0,0,False,False,True,False,False,True,False,False,True,False,False,False,False,False
-0.6989149208324196,-0.9082633600914388,-0.8972349848673842,0,1,-1.3916125745846448,1.18357648092022,-0.8171180407945134,0.23433731395898724,1.2078777407968537,0,-0.8294286878170953,1,1,True,False,False,False,True,False,False,False,True,False,False,True,False,False
1.441070283443873,0.12693549146918026,1.402883942567441,1,0,0.6307556557417743,0.11107699142956179,-0.25815183707573064,-2.6377884531073293e-16,-0.15536429188684994,1,-0.26713384348913843,0,1,False,True,False,False,True,True,False,False,True,False,False,True,False,False
-1.5905754226142081,-1.3510291961183316,-1.4934744033597784,0,0,1.3208345340271233,0.27309071002688884,-1.445955019978144,0.40353927054049044,-0.49617480005777587,0,0.7168821340847862,0,1,False,False,False,False,True,False,True,True,False,False,False,True,False,False
-1.3527992888057314,1.8888015528197895,-1.0472065293459438,0,1,0.19712470381592992,0.6887978260750455,-0.537634938935122,-2.6377884531073293e-16,-0.8369853082287018,0,-0.6888549767351061,1,1,False,True,False,True,False,False,False,False,True,False,True,False,False,False
0.816907932196621,-3.707514742634213e-16,0.032297096797898876,1,0,1.4915026539638112,1.0062851745626278,-1.1664719181187526,-0.026561906067952026,-0.8369853082287018,1,-1.6728709543090308,0,1,True,False,False,False,False,False,True,True,False,False,True,False,False,False
-0.8475250044627176,1.2284867079509498,-8.116272163407169e-17,0,1,-0.5393140797086035,-1.3402771948580223,-0.25815183707573064,-2.6377884531073293e-16,1.5486882489677798,1,-0.4077075545711276,1,1,True,False,False,False,True,False,False,False,True,False,False,False,False,False
-0.6097488706542408,0.4111812115150504,-0.4368051537712097,1,1,1.408088338277562,-0.10460714426451242,0.789909794896987,0.4641917607610411,-0.8369853082287018,1,0.5763084230027969,1,1,False,False,True,False,False,False,False,False,False,False,True,False,False,False
1.054684066005098,1.266286345514404,1.9130407982279514,0,1,1.6335369255712409,0.2791774386028281,1.698229875940009,0.33400521882353224,1.2078777407968537,1,-0.6888549767351061,0,1,True,False,True,False,False,False,True,False,False,False,False,False,True,False
-0.817802987736658,0.7672861431928719,-0.5605992123795643,0,1,0.6919261300438136,0.8360770749966946,0.44055591757274776,-1.5262931926135503,-0.49617480005777587,1,-0.8294286878170953,0,1,True,False,False,False,False,True,False,False,True,False,True,False,False,False
1.4113482667178132,0.5075277109827387,1.7042484742913606,1,1,-0.7931096188673026,0.032512842678679446,-1.445955019978144,-2.6377884531073293e-16,1.5486882489677798,0,0.014013578674840039,0,1,False,True,False,False,False,True,False,False,False,True,False,False,True,False
-1.3527992888057314,1.1497852618800648,-1.120279181159059,0,1,-0.7323499505648031,-0.6255470183844447,-0.9568595917242091,0.2441540469563672,0.8670672326259278,1,-1.251149821063063,0,1,False,True,True,False,False,False,False,False,False,False,False,False,False,False
0.3710776813057267,1.266703248477814,1.0552391310682196,1,0,0.3904901514663268,1.5228524996196593,-0.11841028614603497,1.5203656241613923,-1.5186063245705534,0,-0.5482812656531169,1,1,False,False,True,False,False,False,True,True,False,False,True,False,False,False
-0.10447458631122722,-3.707514742634213e-16,-0.3654899479041894,0,1,-0.9372582586335186,1.0786217480554459,-0.25815183707573064,-1.4039866661165366,0.8670672326259278,0,-0.26713384348913843,0,1,False,True,False,True,False,False,False,False,True,False,False,False,False,False
-0.015308536133048362,-1.3344905656311312,-0.6514931889270017,1,0,0.08952707623057361,-0.911520942721467,0.8597805703618348,1.9645247861535422,-1.5186063245705534,1,-0.6888549767351061,0,1,True,False,True,False,False,False,False,False,False,False,False,False,False,True
-0.07475256958516761,-1.9215564486399896,-0.9492990962734958,1,0,1.6469366686438465,0.9984300134712564,-1.0267303671890569,-0.6350442117190148,0.8670672326259278,1,0.9980295562487647,0,1,False,False,True,False,False,False,False,True,False,False,False,False,False,False
0.7277418820184421,-1.6342415505827121,-8.116272163407169e-17,0,1,-1.3287980531043073,0.9087534235284422,-1.515825795442992,-1.8874384623287754,-1.1777958163996276,1,1.7008981116587107,0,1,True,False,False,True,False,False,True,False,False,True,False,False,True,False
-0.9069690379148369,-3.707514742634213e-16,-0.8173839505405294,0,0,1.671427725915394,0.07152775389708044,1.3488759986157697,0.3139129399507376,-0.15536429188684994,0,0.8574558451667754,0,1,False,False,False,False,True,False,True,True,False,False,True,False,False,False
1.1735721329093363,0.5662013145618995,1.5027113476142697,0,0,0.4622482288741338,0.019432963192192523,-0.25815183707573064,-2.6377884531073293e-16,-0.15536429188684994,1,-1.6728709543090308,0,1,False,False,False,False,False,True,False,False,False,False,True,False,False,False
1.7977344841565883,-3.707514742634213e-16,0.8348854124030746,0,0,-1.5457603149095294,0.9413641324498263,-1.0966011426539048,-1.6212190636093053,-1.1777958163996276,0,0.8574558451667754,1,1,False,False,True,False,False,True,False,True,False,False,False,False,False,True
0.40079969803178633,-0.7187794671457937,-0.06901773037902732,0,0,-0.6038055655208385,0.18739735961261195,-1.3760842445132961,-2.6377884531073293e-16,1.2078777407968537,1,0.4357347119208077,0,1,False,True,False,True,False,True,False,False,True,False,False,False,True,False
-1.531131389162089,-0.741982896920665,-1.4318839271688395,0,1,0.37636424536628804,-0.9351782259019339,-1.1664719181187526,-2.6377884531073293e-16,-1.5186063245705534,0,-1.3917235321450523,0,1,True,False,True,False,False,True,False,False,False,False,False,False,False,False
-0.10447458631122722,-3.707514742634213e-16,0.4860702555250793,0,1,-1.520128576111697,-1.1339445449298418,0.5104266930375956,-2.6377884531073293e-16,-0.15536429188684994,0,0.5763084230027969,1,1,False,True,True,False,False,True,False,True,False,False,False,False,False,True
-0.66919290410636,-0.25572074463161787,-8.116272163407169e-17,0,1,0.07319250008099897,-1.3608965796051722,-0.537634938935122,-0.9596109798358421,-0.49617480005777587,0,1.4197506894947323,1,1,True,False,True,False,False,False,True,False,True,False,False,False,False,False
-0.5205828204760619,-1.1183684272753975,-0.8501551805021039,0,0,0.9282385499724257,0.8745305875578874,-1.0267303671890569,1.2865093334092395,-0.49617480005777587,1,0.9980295562487647,0,1,False,True,True,False,False,True,False,False,True,False,False,True,False,False
0.6682978485663229,-3.707514742634213e-16,0.040064614322258156,1,0,-0.3190086685803727,-0.19550165793193408,-0.1882810616108828,-2.6377884531073293e-16,-1.5186063245705534,1,-0.26713384348913843,1,1,True,False,False,True,False,False,True,False,False,False,True,False,False,False
-1.1150231549972545,-3.707514742634213e-16,-0.692365230236291,0,0,-0.35426768322749413,1.4075174284564098,-0.46776416347027416,1.579987355435645,-0.15536429188684994,0,-0.5482812656531169,0,1,True,False,True,False,False,False,False,False,False,False,True,False,False,False
0.13330154749724973,-0.18900712871398453,0.013081911474988366,1,0,0.6762782376552425,-1.304901472639134,-0.7472472653296656,-2.6377884531073293e-16,1.5486882489677798,0,0.8574558451667754,1,1,False,False,False,False,False,True,False,False,False,True,False,True,False,False
1.0249620492790383,-3.707514742634213e-16,0.9981789512436798,0,1,1.629093665807037,0.4245238374161654,-0.6773764898648177,0.13255716425074282,0.5262567244550019,1,-0.26713384348913843,0,1,True,False,True,False,False,False,False,True,False,False,False,False,False,False
-0.4611387870239426,-3.707514742634213e-16,-0.9142783804072937,1,1,-1.252803941169162,1.071373565936735,0.789909794896987,0.8048272609075099,0.8670672326259278,1,-0.9700023988990846,0,1,False,False,False,True,False,False,False,False,False,False,True,False,False,False
1.5302363336220517,-0.4779681866390849,0.943347443482502,1,0,-0.17124352251396788,0.2866575006302349,-0.6075057143999699,0.23004834849319503,-1.1777958163996276,1,-0.9700023988990846,0,1,False,False,False,True,False,False,False,False,True,False,False,True,False,False
-1.293355255353612,-1.153116292066779,-1.3132447993460237,1,1,-1.571576328133551,-1.5072157320764399,-0.6773764898648177,-0.7174041718617418,0.8670672326259278,1,0.2951610008388185,0,1,True,False,False,False,False,False,False,False,False,False,True,False,False,False
0.8763519656487402,0.27843568856628914,0.9810457365299192,0,0,1.5864600683128347,-1.084350425863445,-1.0267303671890569,0.04513379225134158,0.18544621628407598,1,-1.3917235321450523,0,1,True,False,True,False,False,False,True,True,False,False,False,False,True,False
1.1735721329093363,-0.23143122348484327,0.8651907715141075,1,0,0.5263865978447423,-1.648842311495641,-0.1882810616108828,-2.6377884531073293e-16,-0.15536429188684994,1,-1.6728709543090308,1,1,False,True,True,False,False,False,True,False,False,False,False,False,True,False
1.6788464172523498,-3.707514742634213e-16,2.6954191001832624,0,0,1.367985054390627,1.7682533643518346,-1.7254381218375354,1.900770764957157,-1.1777958163996276,1,-0.1265601324071492,0,1,True,False,True,False,False,False,True,True,False,False,True,False,False,False
-0.16391861976334646,-0.729851371275818,-0.47180268677299714,1,0,1.6046239854836888,0.9833222701266097,-1.5856965709078397,-2.6377884531073293e-16,0.8670672326259278,1,-0.26713384348913843,0,1,False,False,True,False,False,True,False,False,True,False,False,False,False,False
-1.1447451717233141,-1.5359532964157148,-8.116272163407169e-17,0,1,-0.9079796074166476,0.17999722256807954,1.5584883250103132,1.7455187938192025,0.8670672326259278,1,-0.1265601324071492,0,0,True,False,True,False,False,False,True,False,False,False,False,True,False,False
1.054684066005098,0.3779133553735633,1.2322747242852752,0,1,-0.7505999856670917,-1.1493744640020642,0.09120204024850856,1.942366693483311,0.5262567244550019,0,0.9980295562487647,0,1,True,False,True,False,False,True,False,True,False,False,False,False,True,False
-0.9069690379148369,-0.5048755924955844,-8.116272163407169e-17,0,0,-1.5713792837745517,0.33295051124365393,-1.445955019978144,1.349174885017075,-0.49617480005777587,1,-0.1265601324071492,0,1,True,False,True,False,False,False,True,False,False,True,False,True,False,False
-0.8475250044627176,-0.6049046302458445,-8.116272163407169e-17,0,0,0.6621830257976089,1.3490279219490842,-0.25815183707573064,0.7132916884928353,1.2078777407968537,1,0.2951610008388185,0,1,False,True,True,False,False,False,True,True,False,False,False,False,True,False
-1.0853011382711948,-0.1379795825129655,-1.015994061529924,0,0,1.4034582831555904,0.06199430329734817,-0.537634938935122,-1.8656885047720595,0.8670672326259278,1,0.2951610008388185,0,1,False,True,False,False,False,True,False,False,True,False,True,False,False,False
1.7977344841565883,-0.4895846310128408,-8.116272163407169e-17,1,1,0.6918648158025613,1.0826617120006683,0.5802974685024435,2.014654925037903,0.18544621628407598,1,-0.6888549767351061,0,1,False,False,True,False,False,False,False,False,False,False,True,False,False,False
-0.6394708873803003,-3.707514742634213e-16,-8.116272163407169e-17,0,0,-1.0922581771396473,-0.9706522900497822,-0.537634938935122,0.8095888123514415,0.8670672326259278,1,0.9980295562487647,1,1,True,False,True,False,False,False,False,True,False,False,True,False,False,False
-0.2530846699415253,-0.7488609722118142,-0.5420527472687235,1,0,-0.9361983279328309,-1.2503469733763088,-0.9568595917242091,-2.6377884531073293e-16,-0.49617480005777587,1,-1.251149821063063,0,0,True,False,False,True,False,True,False,False,True,False,True,False,False,False
-0.66919290410636,-1.642441350825694,-1.089580007567471,0,0,1.1982091695284487,-0.7677235723251707,-1.5856965709078397,1.2887155941623958,0.18544621628407598,1,0.5763084230027969,0,1,False,False,False,False,False,True,False,False,False,False,True,False,False,False
-1.1447451717233141,-3.707514742634213e-16,-1.1889336053650097,0,0,1.5542663836694002,1.053421940036292,-1.1664719181187526,-1.5423836409628178,1.2078777407968537,0,1.4197506894947323,1,1,False,False,False,True,False,False,False,False,False,False,True,False,False,False
-0.2828066866675849,-1.0347397500918563,-8.116272163407169e-17,1,1,-0.42158431539150676,0.08724010143512935,1.279005223150922,-1.189983754950515,0.5262567244550019,1,-0.6888549767351061,0,1,False,False,False,False,False,False,False,False,False,False,False,False,True,False
-0.3125287033936445,0.07452421854630027,-0.26458102489209606,1,1,0.9371213353303975,0.26505907550823876,-0.8171180407945134,1.3559988212787952,1.2078777407968537,1,-1.5322972432270414,1,1,False,False,False,True,False,True,False,False,False,False,True,False,False,False
0.46024373148390557,1.7989470707633202,-8.116272163407169e-17,1,1,0.00797704185867294,0.34366106388059076,-0.9568595917242091,0.9123769391043084,-1.5186063245705534,0,0.7168821340847862,0,1,True,False,True,False,False,False,True,True,False,False,False,False,False,False
-1.1744671884493736,-1.8783449140338613,-1.3513262222481333,1,0,0.6316858502920932,-1.085911424372725,0.09120204024850856,-2.6377884531073293e-16,-0.15536429188684994,0,-1.3917235321450523,1,1,False,True,False,True,False,False,True,True,False,False,False,False,False,False
-0.015308536133048362,-3.707514742634213e-16,0.41844118832554383,0,1,-1.513753301094447,1.1810072065581354,-1.515825795442992,-2.6377884531073293e-16,0.8670672326259278,1,0.8574558451667754,0,1,True,False,True,False,False,True,False,True,False,False,False,False,False,False
-1.4122433222578505,-0.569990504747238,-1.3346786790464538,1,1,1.2533358581538134,-0.9934485009532905,-0.25815183707573064,-1.8134690918648477,-0.8369853082287018,1,0.15458728975682928,0,1,True,False,True,False,False,False,False,False,False,False,True,False,False,False
-1.4122433222578505,-0.040688352435593114,-8.116272163407169e-17,0,0,0.17586944047173733,-0.058754197596029,1.209134447686074,-0.8191985093517076,0.5262567244550019,1,-1.251149821063063,1,1,False,True,True,False,False,True,False,False,False,True,True,False,False,False
1.203294149635396,1.3859303561699636,2.196184937019265,0,1,-0.7372236485579556,0.11393337171600744,-1.6555673463726874,-0.8648883385964735,-0.49617480005777587,1,0.8574558451667754,0,1,False,True,True,False,False,True,False,False,False,True,True,False,False,False
0.3116336478536075,-3.707514742634213e-16,-0.5975299017607175,0,0,1.3278613882421626,0.25356973778512654,-0.1882810616108828,0.605684456991088,0.8670672326259278,0,0.4357347119208077,0,1,False,False,False,True,False,False,False,False,False,True,False,False,False,True
0.6088538151142037,1.9903122421047317,1.8187858822338385,1,0,0.7403263469078223,-0.21079182796489235,-0.8171180407945134,-0.6526082569515972,-0.8369853082287018,1,-1.6728709543090308,1,1,False,False,False,True,False,True,False,False,True,False,True,False,False,False
1.7977344841565883,-3.707514742634213e-16,3.3232905846872187,0,1,0.6710123160942383,-1.5022780206596862,-1.515825795442992,1.125145995633344,-1.1777958163996276,1,-1.6728709543090308,0,1,True,False,True,False,False,True,False,False,False,True,False,False,False,True
0.25218961440148824,-1.4013049681293361,-0.5449435202847278,1,0,0.8261120982274011,1.3046799431581015,-0.6075057143999699,0.977292991961304,1.2078777407968537,1,1.7008981116587107,0,1,False,False,False,True,False,False,False,False,False,False,False,True,False,False
-0.6394708873803003,0.9509270248832633,-8.116272163407169e-17,0,0,0.18259217510734357,1.4156810123822186,-1.515825795442992,-2.6377884531073293e-16,-0.49617480005777587,1,-1.3917235321450523,0,1,False,False,False,False,True,False,False,False,False,False,True,False,False,False
0.13330154749724973,-3.707514742634213e-16,0.28044270943577104,0,0,1.1906736202299664,-0.5116748363004795,0.3706851421078999,0.6271078399999758,-0.15536429188684994,0,1.7008981116587107,1,1,False,False,True,False,False,False,False,False,True,False,True,False,False,False
0.014413480593011258,-3.707514742634213e-16,-0.03907370437545926,0,1,-1.6736446819087887,-1.380965548433335,1.628359100475161,-2.6377884531073293e-16,-0.49617480005777587,1,0.7168821340847862,0,1,False,False,False,True,False,False,True,False,True,False,True,False,False,False
0.816907932196621,0.16310091253382325,0.8419338078436359,0,0,0.38318064355389536,-0.5755813776565775,0.9296513458266826,1.8954016355205294,0.5262567244550019,0,-0.5482812656531169,0,1,True,False,True,False,False,False,True,False,False,False,False,False,False,False
-0.817802987736658,-3.707514742634213e-16,-8.116272163407169e-17,1,0,0.5393575849948058,-1.3067176416198514,-0.25815183707573064,1.5697348531837239,-0.15536429188684994,0,1.138603267330754,0,1,False,True,False,False,False,True,False,True,False,False,False,False,True,False
-1.4419653389839102,1.7674494674042154,-1.1835126880858085,1,0,-0.6090409837218664,0.27326988359982973,0.30081436664305206,0.3355650704114933,-1.5186063245705534,1,-0.26713384348913843,0,1,False,False,False,True,False,False,False,True,False,False,False,False,False,False
-1.1447451717233141,-0.0995977781118054,-1.0614555733387607,1,1,0.6655032088839081,-1.3554323028426554,1.1392636722212262,-0.7308450555519445,1.2078777407968537,1,-1.3917235321450523,1,1,False,True,False,True,False,False,False,False,False,False,False,True,False,False
-0.2828066866675849,1.7002485532771054,-8.116272163407169e-17,1,0,-0.4882125205430659,0.9114821562023236,1.0693928967563784,1.4421762147443413,0.8670672326259278,0,1.7008981116587107,0,1,True,False,True,False,False,False,False,False,True,False,True,False,False,False
-1.5608534058881487,0.21753505763030062,-1.413110810151056,0,0,1.103506441317365,0.300649470470136,-1.7254381218375354,-2.6377884531073293e-16,-1.1777958163996276,1,1.2791769784127431,1,1,False,False,False,False,False,False,False,True,False,False,False,False,False,False
-1.5014093724360293,0.04379583986314684,-1.3658026721790417,1,0,-0.6015634149440773,0.09377225646588948,0.789909794896987,1.4208470464693523,0.5262567244550019,1,-1.1105761099810738,0,1,True,False,True,False,False,True,False,False,False,True,False,False,False,False
-1.5905754226142081,1.5049070294530031,-1.399344392979688,1,0,0.14114059924158592,-0.027845357725692976,-1.445955019978144,-1.6550859555488964,1.2078777407968537,0,1.5603244005767216,0,1,False,False,True,False,False,True,False,False,False,False,True,False,False,False
1.4113482667178132,1.1791937721637673,-8.116272163407169e-17,0,0,1.3097190492134154,-1.0696817605095414,-0.7472472653296656,-2.6377884531073293e-16,-1.1777958163996276,0,1.4197506894947323,0,1,True,False,False,True,False,False,True,True,False,False,True,False,False,False
-0.5503048372021215,1.4321244408071754,-8.116272163407169e-17,1,0,1.0110515495319012,-0.8418406664371826,-0.3280226125405785,-0.9743416853224137,-0.15536429188684994,1,-1.5322972432270414,0,1,False,True,True,False,False,False,True,True,False,False,False,True,False,False
-0.34225072011970414,-0.7580793623309606,-0.607651793955675,0,1,0.7492693405514005,1.558092970273853,-0.39789338800542634,1.9968819853804682,1.5486882489677798,1,-0.1265601324071492,1,1,False,False,False,False,False,False,True,False,True,False,False,True,False,False
0.2224675976754286,0.23563811780018992,0.3164622385852703,0,0,1.0574334726217738,-1.0466480167557302,-1.6555673463726874,-0.6689099106313701,-0.49617480005777587,0,0.2951610008388185,0,1,True,False,True,False,False,False,True,False,False,False,False,False,True,False
-1.233911221901493,1.2818779201549744,-0.9574794797102824,1,1,-0.20483974055241191,-0.6825077676541691,1.4886175495454654,1.29100069149534,0.8670672326259278,1,1.138603267330754,0,1,True,False,True,False,False,False,True,False,True,False,False,True,False,False
-0.3125287033936445,-0.0107008291147081,-0.29758640363706107,0,0,0.7910169525523797,-1.3825690102818131,1.5584883250103132,-1.9018529939120488,0.8670672326259278,0,-1.1105761099810738,1,1,False,True,True,False,False,False,False,False,False,False,False,False,True,False
-0.4016947535718234,1.583329372822486,-8.116272163407169e-17,0,0,-1.6091854943128039,-1.037648127466829,-0.11841028614603497,-1.649642559062403,-0.15536429188684994,0,-0.8294286878170953,0,1,False,False,False,True,False,False,False,False,True,False,True,False,False,False
1.6788464172523498,1.7479697252971236,3.148936751295529,1,0,-0.06325270167541008,-1.6405042947049198,0.09120204024850856,1.2470940302494578,-0.8369853082287018,0,-1.5322972432270414,0,1,False,True,True,False,False,False,False,False,False,True,True,False,False,False
-0.4611387870239426,1.3877553543764622,0.052462893464271604,0,0,-1.4259651199494303,-0.42991349749160557,0.789909794896987,0.9339431476119143,-1.1777958163996276,1,-0.5482812656531169,0,1,True,False,False,True,False,False,True,True,False,False,False,True,False,False
0.7871859154705614,-0.7074026758203203,-8.116272163407169e-17,0,1,0.19199580629031143,1.7793373530900896,0.9296513458266826,-1.3912580733941142,-1.1777958163996276,1,-0.4077075545711276,0,1,True,False,False,False,True,False,False,True,False,False,False,True,False,False
-0.13419660303728684,-0.31604688730158287,-0.2702308628820652,0,1,-0.447961787553035,1.528389847125187,-0.1882810616108828,-2.6377884531073293e-16,0.5262567244550019,1,1.138603267330754,1,1,False,True,False,False,False,False,True,True,False,False,False,False,False,True
-0.015308536133048362,1.6335896724811585,-8.116272163407169e-17,0,0,1.031023446110356,1.6478843746085827,0.23094359117820426,0.6933436630183443,-1.1777958163996276,0,-0.26713384348913843,1,1,True,False,True,False,False,False,True,False,True,False,False,False,False,False
-0.16391861976334646,-3.707514742634213e-16,0.45528777591957115,0,0,0.8904613848842023,1.4559440278650007,-0.1882810616108828,-0.9980760259665482,-0.15536429188684994,1,1.2791769784127431,1,1,False,True,True,False,False,True,False,False,False,False,True,False,False,False
-1.2636332386275524,0.32693555377340866,-1.1129429422687895,1,0,-0.25471944455232537,0.4021235097424453,-1.0267303671890569,-2.6377884531073293e-16,0.8670672326259278,0,0.4357347119208077,1,1,True,False,False,True,False,False,True,True,False,False,False,True,False,False
1.6194023838002305,0.5621720319257384,1.9720565682465172,0,0,-0.07883406907869905,-0.20734193691579808,-0.537634938935122,0.5362560770675276,0.18544621628407598,0,0.9980295562487647,1,1,True,False,True,False,False,False,True,False,False,True,True,False,False,False
-0.4611387870239426,-1.0013147666811437,-8.116272163407169e-17,0,1,-0.14215855482040765,-0.3412091272351283,0.30081436664305206,0.10899943108634857,-0.15536429188684994,0,-0.6888549767351061,0,1,False,False,False,False,True,True,False,True,False,False,False,False,True,False
-0.2828066866675849,-0.5851915102746831,-0.4980209911699676,1,0,0.7360748661352108,1.181382760085391,-1.7254381218375354,-1.2111907859652467,-0.49617480005777587,0,1.7008981116587107,0,1,True,False,False,False,False,True,False,False,False,False,True,False,False,False
-0.2828066866675849,-0.3246715015202231,-0.39498192086283096,0,1,1.220802731213702,-1.1831692705461907,0.7200390194321391,1.1113134995207805,1.2078777407968537,0,-0.9700023988990846,1,0,False,True,True,False,False,False,False,False,False,False,False,False,False,False
0.25218961440148824,1.4340085468047383,0.9969863923412747,1,1,-0.04716499821347766,-0.18441690405613528,1.0693928967563784,-2.6377884531073293e-16,-0.49617480005777587,1,-1.251149821063063,1,1,False,True,True,False,False,False,True,False,False,False,False,False,True,False
-0.34225072011970414,-3.707514742634213e-16,-0.17265660138487132,0,1,0.6096259680136914,1.772821812738634,1.3488759986157697,1.714598798365757,-0.49617480005777587,1,1.138603267330754,1,1,False,False,True,False,False,False,False,False,False,False,False,False,True,False
1.5599583503481114,0.7507121337776302,2.0799375668061497,1,1,1.3341300295379723,-0.5601596987907501,0.23094359117820426,0.3866421848134446,-1.1777958163996276,1,-1.251149821063063,0,1,True,False,False,True,False,False,False,False,False,False,True,False,False,False
-0.7583589542845388,0.28703267046615877,-0.6208412516091774,0,0,1.49943624605493,0.22913013311467792,0.3706851421078999,-2.6377884531073293e-16,-1.5186063245705534,1,-0.5482812656531169,0,1,False,False,True,False,False,True,False,False,False,True,True,False,False,False
0.3710776813057267,-0.9035544238461571,-0.19654358361512803,1,1,-0.13552687227100876,-1.7076306326379302,0.30081436664305206,-0.7639300442044172,1.5486882489677798,1,-0.1265601324071492,1,1,True,False,True,False,False,False,False,False,False,True,True,False,False,False
-1.4419653389839102,-3.707514742634213e-16,-1.399200874219338,0,1,0.3359674971001854,-0.6980658139958245,0.23094359117820426,-2.6377884531073293e-16,0.5262567244550019,0,-0.9700023988990846,0,1,True,False,False,False,False,False,False,True,False,False,False,False,True,False
-1.1150231549972545,-1.4410805393060948,-8.116272163407169e-17,0,0,0.6268604930256307,1.3241869826206674,1.209134447686074,0.5849225974558702,-0.15536429188684994,1,0.014013578674840039,1,0,True,False,True,False,False,False,True,False,False,False,True,False,False,False
-0.431416770297883,-1.2294587888108774,-0.8365451235994733,0,0,-0.2424422405056039,1.1836201042836385,0.9995221212915305,-1.5029271168452008,-1.5186063245705534,1,0.9980295562487647,0,1,False,True,False,False,False,False,False,True,False,False,True,False,False,False
0.9655180158269191,-3.707514742634213e-16,-0.14355885460253368,0,0,-1.2660214820850193,-0.2427603268980025,-1.3760842445132961,-0.5782122659886171,-1.5186063245705534,0,0.5763084230027969,1,1,False,True,False,True,False,False,False,False,True,False,False,False,True,False
-1.47168735570997,-1.9179708871635441,-1.4678870370764558,0,0,1.6563904351428524,-1.3718492234986328,-0.11841028614603497,-0.06874309371730317,-0.8369853082287018,1,-0.5482812656531169,0,0,True,False,False,False,True,False,True,True,False,False,False,True,False,False
0.46024373148390557,-0.5722605346298174,0.061013842633971485,0,1,-1.460387737265516,-0.1737706460827276,0.09120204024850856,2.0529053699369895,1.2078777407968537,1,-0.1265601324071492,0,1,True,False,False,False,False,False,False,True,False,False,True,False,False,False
-1.4122433222578505,1.5292865759424945,-1.1617012753261742,0,1,-1.303629485088062,-1.4597460220440945,-1.3062134690484484,-0.881678407697798,-0.8369853082287018,1,0.014013578674840039,0,1,False,True,True,False,False,True,False,True,False,False,True,False,False,False
-0.6989149208324196,-3.707514742634213e-16,-0.4531101119947822,0,1,0.16420727709523764,0.1108004351868537,-0.9568595917242091,-2.6377884531073293e-16,1.5486882489677798,1,0.014013578674840039,0,1,False,True,False,False,False,True,False,False,False,False,False,False,True,False
1.7085684339784095,-0.7621359036372618,0.8116774715055247,0,1,-0.22965982923309317,0.08242416722596227,-1.5856965709078397,0.8865740818762606,1.2078777407968537,1,-1.6728709543090308,1,1,True,False,True,False,False,True,False,True,False,False,False,False,False,False
-1.233911221901493,-0.7951931725219104,-1.2313157394464356,0,0,0.036026104210724504,1.6513581848154575,-1.2363426935836004,-0.3744071039162957,-0.15536429188684994,1,-0.5482812656531169,1,1,False,False,True,False,False,False,True,False,False,False,False,False,True,False
1.738290450704469,0.8595853998853917,2.382348703189214,0,0,1.4051082911241592,0.01640565164349278,-0.6773764898648177,0.6143533417703063,1.5486882489677798,0,-1.251149821063063,0,1,False,True,True,False,False,False,True,True,False,False,False,False,False,True
-1.6500194560663275,-3.707514742634213e-16,-1.4768081876597676,0,1,1.1716309286849578,-0.3132233198496462,-0.8171180407945134,-0.5951533591422814,1.2078777407968537,1,0.4357347119208077,0,1,False,True,True,False,False,False,True,False,False,False,False,False,True,False
-1.6202974393402678,-3.707514742634213e-16,-1.4515290343583402,0,0,-0.794651035188644,-1.2136007269180726,-0.3280226125405785,-2.6377884531073293e-16,-0.8369853082287018,1,-0.5482812656531169,0,1,False,False,False,True,False,True,False,False,True,False,False,False,False,True
0.6385758318402633,-0.6380084530402977,-8.116272163407169e-17,0,1,-0.7715698876702399,-1.3662733061970451,0.23094359117820426,0.6156240032164128,1.5486882489677798,1,1.2791769784127431,1,1,True,False,False,False,False,False,True,True,False,False,False,False,False,False
1.738290450704469,0.919660607081324,2.4397699841558182,0,0,-1.2668535675006631,1.102517742772129,0.09120204024850856,-2.6377884531073293e-16,0.8670672326259278,1,1.138603267330754,1,1,False,False,True,False,False,True,False,False,True,False,False,False,False,False
0.28191163112754786,-0.33058604096468824,0.06149425042140164,1,1,-0.70759636007379,0.8746140075384181,0.789909794896987,2.019618808943702,0.5262567244550019,0,0.7168821340847862,1,1,False,True,False,False,True,False,True,False,False,True,False,True,False,False
1.7085684339784095,-0.4596762811644615,-8.116272163407169e-17,0,0,0.016031552235196207,0.43929981776394594,0.9296513458266826,-0.14427836927984486,1.2078777407968537,0,-1.6728709543090308,1,0,True,False,False,False,False,True,False,False,True,False,True,False,False,False
-1.6202974393402678,0.8277735512692814,-1.455355219274646,1,1,0.8514255113512051,1.7734617737990128,-0.8171180407945134,-2.6377884531073293e-16,0.18544621628407598,1,-0.4077075545711276,0,1,False,True,False,False,False,False,False,False,True,False,True,False,False,False
-0.2233626532154657,-0.40160910633400726,-0.37828582626689977,1,1,-0.7613267963202429,1.2110680541369818,-1.3760842445132961,-2.6377884531073293e-16,1.2078777407968537,0,-1.3917235321450523,0,1,True,False,True,False,False,True,False,False,True,False,False,False,True,False
1.2330161663614556,1.5643254212154778,2.3800019771374146,0,1,1.4857616907221236,0.9176329130928674,1.628359100475161,1.4891266129776008,1.2078777407968537,0,1.4197506894947323,0,1,False,False,False,False,True,False,False,False,False,False,False,False,False,True
-1.6202974393402678,-1.5525280754727506,-1.5141952455749925,0,0,-1.6778908630527485,0.7362200700500736,-0.6773764898648177,-1.8914164887004266,-1.5186063245705534,0,-0.8294286878170953,0,1,True,False,False,False,False,True,False,True,False,False,False,False,False,False
-0.8475250044627176,-1.5381474324169624,-1.1446904669063007,0,1,-1.7219463576983554,1.0096963334564066,-1.2363426935836004,0.8602233404507205,0.18544621628407598,1,0.9980295562487647,0,1,False,True,False,False,True,True,False,False,False,False,False,False,False,True
1.1438501161832768,-1.9050084464452968,-0.483617785822717,1,0,0.09551329091477202,-0.9994924545424819,0.6501682439672912,-1.1369043022140786,-0.15536429188684994,0,0.9980295562487647,0,1,True,False,True,False,False,False,False,False,False,False,False,True,False,False
-0.16391861976334646,-1.1005804154252319,-8.116272163407169e-17,0,1,-0.1691499148158747,0.2661139621132653,-0.25815183707573064,0.9224050249753868,0.8670672326259278,0,0.7168821340847862,0,0,True,False,False,True,False,False,False,False,False,True,False,False,True,False
-0.19364063648940608,-3.707514742634213e-16,0.04593470092885359,1,1,-1.0497973242109613,0.834050977773058,-0.39789338800542634,-2.6377884531073293e-16,-0.15536429188684994,0,-1.3917235321450523,0,1,False,False,True,False,False,False,False,True,False,False,False,False,True,False
1.1141280994572171,-3.707514742634213e-16,0.41476872872695814,1,0,-1.707472266893427,-1.6917296591007775,-0.6075057143999699,-2.6377884531073293e-16,0.8670672326259278,0,1.4197506894947323,1,1,False,False,False,False,False,True,False,False,True,False,False,False,False,True
0.9952400325529787,0.645436471867429,-8.116272163407169e-17,1,0,0.6305014309413015,0.8549947951106327,-1.515825795442992,-1.4298493842232294,-1.5186063245705534,0,0.4357347119208077,0,1,False,False,False,True,False,False,True,True,False,False,False,False,True,False
-0.6097488706542408,-3.707514742634213e-16,-1.0286642475439591,0,0,-0.6574467196151754,0.5568899888193484,0.789909794896987,0.7780237167848865,0.8670672326259278,1,0.15458728975682928,1,1,False,True,True,False,False,False,True,True,False,False,True,False,False,False
-0.37197273684576376,-1.2141973396333374,-0.7974030778448966,0,0,0.5233870191556858,-0.6744577256487652,1.0693928967563784,0.6486907121609347,0.8670672326259278,0,-0.8294286878170953,1,1,False,False,False,True,False,False,True,False,True,False,False,False,True,False
-1.3825213055317909,-1.0155578218042618,-1.3528886705000056,0,0,0.8296714210632384,0.16145377360229257,-1.2363426935836004,-2.6377884531073293e-16,-0.8369853082287018,1,0.8574558451667754,1,1,True,False,True,False,False,False,False,True,False,False,False,False,False,True
0.6088538151142037,0.11636875531750929,0.6143860057484793,0,1,-0.6961135234977113,-1.3393302277841892,1.0693928967563784,-1.474698137904983,-0.8369853082287018,1,0.15458728975682928,1,1,True,False,False,True,False,False,False,False,True,False,True,False,False,False
-0.16391861976334646,-3.707514742634213e-16,0.1814642257618274,1,0,1.6441040800652955,1.6862812091297066,1.4886175495454654,0.5054929853054781,1.2078777407968537,1,-0.4077075545711276,1,1,False,False,True,False,False,False,True,False,True,False,True,False,False,False
0.3413556645796671,-1.8153134891900613,-0.7343512489634385,0,0,-1.0811548204918535,0.6792759722153835,1.5584883250103132,1.3976263007378957,1.2078777407968537,1,0.014013578674840039,1,0,False,True,True,False,False,False,True,False,False,True,False,False,False,False
-0.13419660303728684,-1.61127313970026,-0.835872171066259,0,1,1.6382046673758446,0.13739707111316027,0.23094359117820426,-1.4051546901459189,0.8670672326259278,0,-1.3917235321450523,0,1,False,True,True,False,False,False,True,True,False,False,True,False,False,False
0.16302356422330935,-3.707514742634213e-16,0.43964745355909285,1,1,-0.7705824085072691,1.5488957372993948,0.30081436664305206,-0.8013121346767497,-0.8369853082287018,1,0.7168821340847862,0,1,True,False,True,False,False,False,True,True,False,False,True,False,False,False
-1.3230772720796717,-1.2585903844160926,-1.341913637246844,1,1,-1.204641507480067,0.5137415469475647,0.8597805703618348,-0.31353682822749585,-0.15536429188684994,0,1.2791769784127431,1,1,False,True,False,False,False,False,False,False,False,False,False,False,True,False
0.5494097816620844,-0.9349290545183945,-8.116272163407169e-17,0,1,0.29879715797212897,1.4170727731688169,0.1610728157133564,-1.658142018739922,-1.5186063245705534,1,0.15458728975682928,0,1,False,False,True,False,False,True,False,True,False,False,False,False,True,False
-0.817802987736658,1.6605232568783925,-0.33979486274913967,0,0,1.6385804168010867,1.158717875041233,-0.1882810616108828,-1.6653666891215464,-1.1777958163996276,0,-1.1105761099810738,1,1,True,False,True,False,False,False,True,False,True,False,False,True,False,False
0.3413556645796671,0.7870329417423776,-8.116272163407169e-17,0,1,-0.10711492461951978,-0.865194754720092,0.9995221212915305,-0.7676119956599302,-0.49617480005777587,1,1.7008981116587107,1,1,False,False,True,False,False,False,False,False,False,False,True,False,False,False
1.1438501161832768,0.12816286476487881,1.124673897290863,0,0,0.929572658232085,-1.391270184042466,-0.8869888162593612,-1.4904107227121395,1.2078777407968537,1,1.138603267330754,0,1,True,False,False,False,False,False,False,True,False,False,True,False,False,False
0.7871859154705614,-1.0762318799428323,-0.04408385399410427,1,1,0.15525609713509567,-1.011439485119755,-0.1882810616108828,0.7859165501116453,1.5486882489677798,0,-0.5482812656531169,0,1,False,False,True,False,False,True,False,False,True,False,True,False,False,False
-0.4016947535718234,-0.6143526395064898,-8.116272163407169e-17,0,1,-0.511371863540479,-1.5108897407319744,-1.445955019978144,-0.8911232199011693,-0.15536429188684994,0,1.5603244005767216,0,1,True,False,True,False,False,True,False,False,False,False,False,True,False,False
0.43052171475784595,0.057898259051300034,0.41271108940086915,1,0,0.7049140648195462,1.6288265162087596,1.698229875940009,-2.6377884531073293e-16,0.8670672326259278,0,0.8574558451667754,0,1,False,False,False,False,True,False,True,True,False,False,False,True,False,False
-1.6797414727923872,1.1336854805102223,-1.520220344095091,0,1,-0.40491809833626874,1.1588037726143976,0.8597805703618348,0.3218062134282524,1.2078777407968537,1,-0.1265601324071492,1,1,False,True,True,False,False,False,False,True,False,False,False,False,True,False
1.2330161663614556,-3.707514742634213e-16,-8.116272163407169e-17,0,1,-0.36090129313644975,-0.0157141973844685,0.5802974685024435,-1.2053810386723254,0.8670672326259278,0,1.5603244005767216,1,1,False,True,False,False,False,False,True,False,False,False,False,True,False,False
1.6194023838002305,-0.8687092820971987,0.6515479348256447,1,1,0.23600609057280017,-1.0070831121499235,-1.1664719181187526,1.245751449434828,0.18544621628407598,1,1.4197506894947323,0,1,True,False,False,True,False,False,True,False,True,False,False,False,True,False
-0.015308536133048362,0.7400092218900396,0.3228408169160808,0,1,1.6369696034259529,-0.6128806292254686,-0.3280226125405785,1.176856782992027,-1.1777958163996276,1,1.138603267330754,0,1,False,False,True,False,False,True,False,False,True,False,False,False,False,False
-1.47168735570997,1.9065159693860514,-1.2157812762529536,0,0,-1.1863517794479344,0.7481079651474009,1.0693928967563784,1.0856811774815205,-1.1777958163996276,0,-0.6888549767351061,0,1,True,False,False,False,False,True,False,True,False,False,False,False,True,False
-0.19364063648940608,-0.9888424965319899,-8.116272163407169e-17,1,0,-0.507834576757696,0.600709947441661,1.209134447686074,-0.7127047198898215,-1.5186063245705534,0,0.15458728975682928,0,1,False,True,False,True,False,False,False,False,True,False,False,False,False,False
-0.2530846699415253,-0.15635755539816729,-0.3028277549963772,0,0,-1.433612764020288,1.5892137965551782,-1.1664719181187526,-1.5453999922361372,0.18544621628407598,1,-0.8294286878170953,0,1,True,False,False,True,False,False,False,False,True,False,True,False,False,False
1.2627381830875153,0.4885755874694176,1.5333616080451329,0,0,0.5204611749739426,1.2193959747510177,-1.7254381218375354,0.9826437934284464,-1.5186063245705534,1,-0.8294286878170953,1,1,True,False,True,False,False,True,False,True,False,False,False,False,False,False
-0.4611387870239426,1.98473344275217,0.25906145406925374,0,1,-0.4361575782159442,-1.0824374022241927,0.3706851421078999,-1.8524303658871597,0.18544621628407598,1,-0.1265601324071492,1,1,False,True,False,False,True,True,False,False,True,False,False,False,False,True
-0.13419660303728684,-0.9014065523375308,-0.5258646612829332,0,1,0.6853503938296865,1.5041455298323345,1.279005223150922,1.9448052066128239,-1.5186063245705534,0,0.8574558451667754,1,1,False,True,False,False,False,True,False,False,True,False,True,False,False,False
-0.7583589542845388,-1.7605232460927316,-8.116272163407169e-17,0,1,0.7076952819730671,-1.0021452233619863,-0.25815183707573064,1.1319678823530455,1.2078777407968537,1,-0.26713384348913843,0,1,False,True,True,False,False,False,False,False,True,False,True,False,False,False
-1.6202974393402678,-3.707514742634213e-16,-1.4349165387175817,0,1,0.12532090893028627,-0.4115041459025469,1.279005223150922,-0.054629918451688415,-0.49617480005777587,1,-1.6728709543090308,0,1,True,False,True,False,False,True,False,False,True,False,True,False,False,False
-1.2041892051754333,0.31602688511342325,-1.0553388725613646,0,0,0.15590723011432817,1.0136093178954861,1.5584883250103132,-2.6377884531073293e-16,-0.49617480005777587,1,-0.26713384348913843,1,1,False,False,True,False,False,False,True,True,False,False,True,False,False,False
-0.4611387870239426,1.1966274528080416,-0.013681492945159758,0,1,-0.11566083150310956,-1.4040222299293414,0.6501682439672912,-0.4807967683733932,1.5486882489677798,0,-0.8294286878170953,0,1,True,False,True,False,False,False,False,True,False,False,True,False,False,False
1.203294149635396,-1.1608224789851522,0.1396670840558018,1,0,-0.7491720651842966,-0.8852986977886453,-0.8869888162593612,-0.4415302919856189,-0.15536429188684994,1,1.2791769784127431,1,1,False,True,True,False,False,False,True,True,False,False,True,False,False,False
-0.6097488706542408,0.3207994939431476,-0.4643602495109555,1,1,0.4549667629768187,-1.1311585443244743,-0.39789338800542634,-1.0865635231387087,-1.5186063245705534,0,-1.1105761099810738,0,1,False,True,True,False,False,False,True,False,False,False,False,False,False,True
-0.8772470211887773,-1.397402904940846,-1.1264165077271753,0,0,0.12051667070208887,1.2597031398933458,0.6501682439672912,1.2262692303198601,-1.5186063245705534,1,-1.251149821063063,0,1,False,True,False,True,False,False,True,True,False,False,False,True,False,False
0.3116336478536075,-1.6292449381090857,-0.6420093847696265,1,0,1.299347536541058,1.1970070131418942,0.8597805703618348,-2.6377884531073293e-16,-1.1777958163996276,1,-0.5482812656531169,0,1,False,True,False,True,False,True,False,True,False,False,False,True,False,False
0.28191163112754786,-3.707514742634213e-16,0.9377471572018498,1,1,0.6251207316101858,-1.7078517490761185,1.279005223150922,0.1840633529589334,-0.8369853082287018,1,0.8574558451667754,0,1,False,False,False,True,False,False,False,True,False,False,False,False,False,False
0.5791317983881441,0.1959292720820696,0.6370336542828199,0,0,-0.16192013402145625,1.421024874178546,0.021331264783660715,0.4808653375690514,1.2078777407968537,1,-1.1105761099810738,0,0,False,False,False,True,False,False,False,False,True,False,False,True,False,False
-0.49086080375000224,1.4728627700002994,0.0429080127003738,0,0,-0.47343753073091993,0.7830647674073826,1.0693928967563784,-0.9876603768977299,-0.49617480005777587,0,0.7168821340847862,0,1,True,False,False,False,False,False,False,True,False,False,True,False,False,False
1.203294149635396,-0.9436086620732546,0.31506851533071667,0,1,-0.03646867419095969,0.35303142271043375,1.0693928967563784,0.7445005818276402,0.18544621628407598,0,0.2951610008388185,1,1,False,False,False,True,False,False,False,False,True,False,False,False,False,False
-1.1744671884493736,-3.707514742634213e-16,-1.2389724579338288,1,1,0.8554047571783042,-1.2742850927546672,0.021331264783660715,-2.6377884531073293e-16,0.8670672326259278,1,-1.1105761099810738,0,1,True,False,False,True,False,True,False,False,True,False,False,True,False,False
-0.6394708873803003,-3.707514742634213e-16,-0.9086783370602343,1,0,0.7963315945950185,1.661162072056055,-0.7472472653296656,-2.6377884531073293e-16,1.2078777407968537,0,-1.251149821063063,1,1,False,True,True,False,False,False,True,False,True,False,False,True,False,False
-1.3825213055317909,-3.707514742634213e-16,-1.176668617241144,0,1,-0.8478719440810703,1.1337099874090937,-0.8869888162593612,1.3406292854851805,-0.49617480005777587,0,0.5763084230027969,0,1,False,False,True,False,False,False,False,False,False,False,False,False,True,False
1.5599583503481114,0.25059148626965594,1.6266361463149945,1,0,1.0461510105832594,1.176733607463804,0.7200390194321391,-0.4635364732719162,0.5262567244550019,1,-0.5482812656531169,0,1,True,False,False,True,False,False,True,False,True,False,False,False,True,False
1.441070283443873,1.6031709108857912,2.6922644384927668,1,0,0.6190765884735536,-0.7188313023783873,0.789909794896987,-2.6377884531073293e-16,0.5262567244550019,1,1.2791769784127431,0,1,True,False,True,False,False,False,False,False,False,False,False,False,True,False
-1.47168735570997,-0.674989967182744,-1.3859511690045838,0,1,0.28727589928791114,-0.7087940408433133,-0.8869888162593612,-2.6377884531073293e-16,-0.8369853082287018,1,1.5603244005767216,0,1,True,False,False,False,False,False,True,False,True,False,True,False,False,False
-0.10447458631122722,1.5593627357574649,0.5885047788545114,1,0,-0.694012168631526,-1.0987191490023673,0.7200390194321391,-2.6377884531073293e-16,-0.49617480005777587,1,-0.4077075545711276,0,1,True,False,False,False,True,False,False,False,False,False,True,False,False,False
0.014413480593011258,-0.9857012374555968,-0.4689265578577015,0,0,-0.46198568418322167,-0.9253083431897599,-1.5856965709078397,0.48703358457340884,1.5486882489677798,1,0.2951610008388185,0,1,False,True,True,False,False,True,False,False,False,False,True,False,False,False
1.2924601998135747,1.7355932963938796,2.602059416077447,1,0,0.06605977295644126,-1.2810055922368209,1.279005223150922,-1.4117243438432543,-0.49617480005777587,1,-0.9700023988990846,0,0,False,False,True,False,False,False,True,False,True,False,False,False,True,False
0.6682978485663229,-3.707514742634213e-16,-8.116272163407169e-17,0,1,-1.7205195839649179,0.18400734256936407,-0.11841028614603497,-0.5383017350275955,-1.5186063245705534,1,0.15458728975682928,1,1,True,False,True,False,False,False,True,False,False,False,True,False,False,False
-0.8772470211887773,-3.707514742634213e-16,-8.116272163407169e-17,1,0,1.4794161359109284,0.11160231587698552,0.3706851421078999,-2.6377884531073293e-16,-0.8369853082287018,1,-0.8294286878170953,1,1,True,False,True,False,False,False,True,True,False,False,True,False,False,False
-1.1447451717233141,1.4948026603565574,-0.811840609854462,0,0,0.14673589296183734,-0.6877654648527183,-0.39789338800542634,-2.6377884531073293e-16,1.5486882489677798,1,-0.8294286878170953,1,1,True,False,False,True,False,False,True,False,False,False,False,False,False,False
-1.4122433222578505,-3.707514742634213e-16,-8.116272163407169e-17,1,1,-0.10290342649611466,-0.2646186496917204,0.6501682439672912,-2.6377884531073293e-16,0.8670672326259278,1,1.138603267330754,0,1,False,True,True,False,False,True,False,False,False,False,True,False,False,False
-1.293355255353612,-1.7663152478354043,-1.383982192723934,1,0,0.9975081307207004,-1.0926986801262404,1.279005223150922,1.1162148908628156,-0.8369853082287018,1,0.5763084230027969,0,1,True,False,False,True,False,False,True,True,False,False,True,False,False,False
-1.531131389162089,1.8477914647629028,-1.3038477238226334,1,1,-0.9099471357031674,-1.3770697366388016,0.23094359117820426,-1.1988344627517389,1.5486882489677798,1,-0.26713384348913843,0,0,True,False,True,False,False,False,True,True,False,False,False,True,False,False
-0.2828066866675849,-0.669928206426302,-0.5315354626077073,0,0,0.46572047276950657,-0.6056020649224821,-0.6773764898648177,-2.6377884531073293e-16,1.5486882489677798,0,-1.1105761099810738,0,1,True,False,True,False,False,False,False,False,True,False,False,False,True,False
-0.7286369375584792,-1.6282246874595163,-1.1123916460835168,0,0,1.2884175794955843,-0.2692262786872869,-0.46776416347027416,0.505895493785081,0.8670672326259278,1,1.2791769784127431,1,1,True,False,True,False,False,False,True,False,False,False,False,False,False,False
0.7574638987445017,1.0409099603887935,1.3858422820875376,0,0,-1.2956385237491062,0.7585584784041549,-0.11841028614603497,-2.6377884531073293e-16,0.8670672326259278,1,0.15458728975682928,1,1,True,False,False,False,False,False,True,True,False,False,False,False,False,True
-1.0555791215451351,-3.707514742634213e-16,-1.1477091670815456,1,1,-0.6608505724022911,1.6248624419617026,0.5802974685024435,-2.6377884531073293e-16,0.5262567244550019,1,0.5763084230027969,0,1,True,False,False,False,False,False,True,False,False,False,True,False,False,False
1.4113482667178132,-1.586329416662684,-8.116272163407169e-17,0,0,0.13600321046269742,1.076708994777708,0.021331264783660715,1.4551368662541948,0.5262567244550019,0,-1.5322972432270414,1,1,False,False,False,True,False,False,False,False,False,False,False,False,True,False
1.351904233265694,1.021958235976958,2.07874007146744,1,0,-1.456901737213018,1.031379720417479,-1.1664719181187526,1.0299662659044129,-1.5186063245705534,0,-1.1105761099810738,0,1,False,True,False,False,True,True,False,False,True,False,False,True,False,False
-0.19364063648940608,-0.6290692001908644,-0.4503090212966983,0,0,1.2752057983664704,-0.9865595985479315,-0.04853951068118712,-2.6377884531073293e-16,0.18544621628407598,1,0.5763084230027969,0,1,False,False,True,False,False,False,True,False,True,False,False,False,False,True
-1.6500194560663275,1.2680151012645733,-1.4817930630186205,0,0,1.0060590528469395,-0.691524757595921,-0.3280226125405785,1.719421106687198,1.2078777407968537,1,0.9980295562487647,1,1,False,True,False,False,True,True,False,False,True,False,False,True,False,False
0.16302356422330935,-0.7134335787452517,-0.23383881081940405,1,1,-1.0199780894082382,-1.581313892156287,-0.6075057143999699,1.4053914795643032,-1.1777958163996276,1,1.2791769784127431,1,0,False,True,False,True,False,True,False,False,False,False,True,False,False,False
0.4899657482099652,-3.707514742634213e-16,-0.6534622736268183,1,1,-0.5881216385626674,0.748117388939245,-0.3280226125405785,1.6028003915770537,-1.1777958163996276,1,1.138603267330754,1,1,True,False,True,False,False,False,True,True,False,False,False,True,False,False
-0.13419660303728684,0.7861268923395248,0.21110204510057567,1,0,-0.006135460896047666,0.8084842518947181,-0.9568595917242091,-1.0493861809107972,-1.1777958163996276,0,1.5603244005767216,1,1,True,False,True,False,False,False,False,False,True,False,False,True,False,False
-0.4016947535718234,-1.5472070825640007,-8.116272163407169e-17,1,1,-0.32592737367814056,-1.0816889421030025,0.1610728157133564,1.0371826207568102,-0.15536429188684994,1,1.138603267330754,0,1,False,False,True,False,False,True,False,False,False,False,False,False,False,False
0.28191163112754786,0.1534164832781288,0.3286976869813414,1,1,-0.9023778230152912,-1.3527035298867731,-0.537634938935122,-0.3873609286129665,-1.1777958163996276,1,1.138603267330754,1,1,True,False,False,False,False,False,False,False,False,False,False,False,False,True
-0.8475250044627176,1.7286296973079807,-8.116272163407169e-17,0,1,-0.3055286342604314,-0.6317926440545586,-0.7472472653296656,-2.6377884531073293e-16,1.2078777407968537,1,1.7008981116587107,0,1,False,True,False,False,True,True,False,True,False,False,True,False,False,False
0.40079969803178633,1.6042676866821868,1.2900339881888512,0,0,-1.2517928150410467,-1.0467589919216356,0.5104266930375956,-1.5323730646366929,-1.1777958163996276,1,0.4357347119208077,0,1,True,False,True,False,False,True,False,False,True,False,False,False,False,False
0.16302356422330935,-1.5060566921384761,-8.116272163407169e-17,0,1,1.2658759100688692,1.6417547177312406,0.5104266930375956,-1.9221701741175843,0.5262567244550019,0,1.138603267330754,0,1,True,False,True,False,False,False,True,True,False,False,True,False,False,False
0.5791317983881441,-1.2030699371509697,-0.2505878274134721,1,1,0.24604867433469108,-0.5671217567410255,0.23094359117820426,1.8778330764820843,-0.15536429188684994,0,-1.6728709543090308,1,1,False,False,True,False,False,False,True,False,False,False,False,False,False,False
-0.8772470211887773,-0.09097439119932904,-0.8250025968674766,0,1,-0.01003124855719845,1.6698511750354061,0.23094359117820426,0.18255425759403074,0.5262567244550019,1,0.4357347119208077,0,1,True,False,False,False,False,False,False,False,True,False,False,False,False,False
1.1141280994572171,-3.707514742634213e-16,2.218648980520505,0,0,-0.4656550806165523,-0.38914540819883325,-1.6555673463726874,-0.9270265856432386,-0.15536429188684994,1,-0.8294286878170953,1,1,False,True,True,False,False,False,False,False,True,False,False,True,False,False
1.4113482667178132,-1.8760971735600134,-0.3580276785430126,0,0,-0.8335709333215336,-0.5893511422209746,-0.39789338800542634,-0.7926122516632393,1.5486882489677798,1,-1.251149821063063,0,1,False,False,True,False,False,False,False,True,False,False,True,False,False,False
-1.3230772720796717,-1.0587258628302656,-8.116272163407169e-17,1,0,1.2787717103760894,1.7496001926840323,-0.6773764898648177,0.610933774129836,-1.5186063245705534,0,0.7168821340847862,0,1,True,False,True,False,False,False,True,False,False,False,False,True,False,False
0.8763519656487402,-1.4621537965690319,-0.26672621306362804,1,0,1.015149539550393,-0.46048384003221104,-1.7254381218375354,-0.2200432100481847,1.5486882489677798,1,0.014013578674840039,1,1,True,False,True,False,False,False,False,False,False,False,False,False,False,False
0.0738575140451305,-3.707514742634213e-16,-8.116272163407169e-17,1,1,0.4115590792712166,-0.29044439141639244,-1.5856965709078397,-0.19353294852803596,0.5262567244550019,0,0.9980295562487647,1,1,False,True,False,True,False,True,False,False,False,False,False,False,False,False
0.6682978485663229,-0.6841255346016718,0.1423714552448884,1,0,0.5927202963490678,-0.0006331984099473614,-1.7254381218375354,-1.8689582318016968,1.5486882489677798,1,1.138603267330754,1,1,True,False,False,True,False,False,False,False,False,True,True,False,False,False
1.7680124674305286,0.947225031585795,2.5007938629794997,1,1,-0.4178805389670519,-1.0749995622104742,0.021331264783660715,-1.8856799254428136,-1.1777958163996276,1,1.2791769784127431,0,1,True,False,True,False,False,False,True,False,True,False,False,True,False,False
0.9060739823747999,0.9363961078127375,1.4873040776435462,1,0,0.24521553103475638,-1.2730084302431013,-1.5856965709078397,-1.4671759685382222,0.5262567244550019,0,0.15458728975682928,0,1,True,False,False,True,False,False,True,True,False,False,True,False,False,False
1.6788464172523498,1.9782615705163864,3.3652599125850218,0,1,-1.1141763784036587,-0.7629705018083016,1.0693928967563784,-2.6377884531073293e-16,0.5262567244550019,1,-0.9700023988990846,0,1,False,True,False,True,False,False,False,False,True,False,True,False,False,False
0.6682978485663229,-0.751903362457171,0.09769309315505033,1,1,-1.6268099369765003,0.5185079333961244,-0.1882810616108828,-1.743281065792907,-0.49617480005777587,1,-1.1105761099810738,1,1,False,False,True,False,False,False,False,False,False,False,False,True,False,False
0.7574638987445017,-0.4482637980311991,0.3673843919159437,1,1,1.5793680015711655,-1.5645271569872874,0.9296513458266826,-1.7593106208363882,1.2078777407968537,0,-1.1105761099810738,0,1,False,False,False,True,False,True,False,True,False,False,False,False,False,True
-0.34225072011970414,1.4930829036471533,0.24561381611446967,1,1,-1.2776060742885225,1.5758264602732504,-1.3062134690484484,-2.6377884531073293e-16,-1.1777958163996276,0,0.15458728975682928,0,1,False,True,True,False,False,False,True,True,False,False,False,False,True,False
1.1438501161832768,1.0942475080559977,1.8888721172942935,0,0,-0.42735781968343467,0.9992026329215381,0.09120204024850856,-2.6377884531073293e-16,-0.15536429188684994,1,-0.1265601324071492,1,1,True,False,False,False,False,False,False,True,False,False,False,False,False,False
-0.9664130713669561,-1.516457437520763,-1.19701460545634,0,0,0.44600952322867365,1.0592151716983234,1.698229875940009,-2.6377884531073293e-16,-0.8369853082287018,1,1.7008981116587107,1,1,False,True,True,False,False,False,False,True,False,False,True,False,False,False
1.1735721329093363,-3.707514742634213e-16,0.8394520698983251,0,0,-0.5111214893674135,1.4742921574131886,1.698229875940009,-2.6377884531073293e-16,0.8670672326259278,1,-0.6888549767351061,1,1,True,False,True,False,False,False,True,False,True,False,False,False,True,False
1.1438501161832768,0.13698719235432885,1.1316541712072476,1,0,-0.011219234767193793,0.32727121543511156,-0.6773764898648177,-1.916172444040609,-0.15536429188684994,1,-0.26713384348913843,1,1,False,False,False,True,False,False,False,False,True,False,False,False,False,False
-0.37197273684576376,1.6377747895764097,0.26008967772811376,1,0,0.35723519138891136,0.39316557344216513,-0.7472472653296656,0.9646539936119227,-1.5186063245705534,1,-0.6888549767351061,1,1,True,False,True,False,False,False,True,False,False,False,False,False,False,True
0.40079969803178633,-1.9162399440084505,-0.769567745610364,0,0,-1.136388098477607,-0.4106002727367285,0.021331264783660715,-1.6860917666794228,-0.8369853082287018,0,0.2951610008388185,1,1,False,True,False,True,False,True,False,True,False,False,False,False,True,False
-0.37197273684576376,-0.22159726053802445,-0.4293534107132114,1,0,-1.155482783592278,-0.558751975666492,1.4886175495454654,1.4091034016595696,0.5262567244550019,1,0.8574558451667754,1,1,False,False,False,False,False,False,True,False,True,False,True,False,False,False
-1.2041892051754333,1.5730652852528884,-0.8792560155550176,0,1,-0.988961406553149,1.0106985225277019,-1.0966011426539048,0.11269312030824276,0.5262567244550019,1,-1.3917235321450523,0,1,True,False,True,False,False,False,True,False,False,False,True,False,False,False
-1.0853011382711948,0.7202047365068154,-0.8674964462106916,1,1,-0.060441085152042745,-0.6798743754085934,0.9296513458266826,-2.6377884531073293e-16,-0.8369853082287018,1,-0.9700023988990846,0,1,True,False,True,False,False,False,False,False,False,False,False,True,False,False
-0.9664130713669561,-3.707514742634213e-16,-0.7104130777260974,1,0,0.4796233672448943,0.0668975262067079,-0.6773764898648177,-0.4403747554502687,0.8670672326259278,0,-0.5482812656531169,1,1,True,False,True,False,False,False,True,False,False,False,True,False,False,False
-0.16391861976334646,-0.27704350940969885,-8.116272163407169e-17,0,0,-1.5329312611943817,-0.5343828882343533,-1.2363426935836004,-2.6377884531073293e-16,-1.1777958163996276,1,0.9980295562487647,1,1,False,True,True,False,False,False,True,False,False,True,False,True,False,False
0.6088538151142037,-3.707514742634213e-16,-0.3515476045846081,1,0,1.6393855631880907,-0.3638312044646004,-1.0966011426539048,-2.6377884531073293e-16,-1.1777958163996276,1,-0.26713384348913843,0,1,False,False,True,False,False,False,False,False,False,True,False,False,True,False
1.589680367074171,-0.20263567503286925,1.2410407118422673,0,1,-0.7969844603388351,1.0852129331996188,0.7200390194321391,0.24417395665451036,-0.8369853082287018,1,-0.26713384348913843,1,1,False,True,False,False,False,False,True,False,True,False,False,True,False,False
-0.9961350880930158,-0.6611230915702487,-1.04224341815316,1,0,-1.0937755740518045,-0.41971028694047335,0.5802974685024435,0.712594824723131,-0.8369853082287018,1,1.2791769784127431,0,1,True,False,True,False,False,False,False,False,False,False,False,False,True,False
1.4113482667178132,-1.6342411761664621,-0.14877753223050993,0,1,-1.0724225175168205,0.28654183162248925,-0.1882810616108828,0.5180860716397294,0.5262567244550019,1,-0.5482812656531169,1,1,False,True,True,False,False,True,False,False,True,False,True,False,False,False
-0.10447458631122722,-3.707514742634213e-16,-0.4611979087420018,0,0,1.442442908914082,0.7003517909325718,1.4187467740806174,-2.6377884531073293e-16,-0.49617480005777587,1,1.2791769784127431,0,0,True,False,True,False,False,False,True,True,False,False,True,False,False,False
1.2924601998135747,0.989067610699443,1.9807817540153578,1,0,0.2471823338527569,-0.18048050483133837,1.1392636722212262,1.1649805481514193,-0.15536429188684994,0,0.15458728975682928,1,1,True,False,False,False,True,True,False,False,False,False,False,False,False,False
1.203294149635396,1.7705942594142317,-8.116272163407169e-17,1,0,-1.7369410667861636,0.022622714920992347,-0.537634938935122,-2.6377884531073293e-16,1.5486882489677798,0,0.15458728975682928,0,0,False,False,False,False,False,False,False,True,False,False,False,False,False,True
1.6491244005262902,-3.707514742634213e-16,2.1341506452139147,1,1,0.0014586206221942016,0.5527783520791374,-1.5856965709078397,1.1886726434777757,-0.49617480005777587,1,0.15458728975682928,0,1,False,True,True,False,False,True,False,False,False,False,False,True,False,False
0.3710776813057267,1.015376582357256,0.9102764474197758,1,1,1.3829446971436063,-1.0515073991791242,0.7200390194321391,-0.5696224930890069,0.18544621628407598,1,-1.1105761099810738,0,1,False,True,True,False,False,False,False,False,False,False,True,False,False,False
0.25218961440148824,-1.4912711072162605,-0.5938698489785147,0,0,1.4686369950777909,0.319170466231112,1.698229875940009,-0.3836083540391315,1.2078777407968537,1,-0.4077075545711276,0,1,False,False,True,False,False,True,False,True,False,False,True,False,False,False
-0.6394708873803003,1.081587211357071,-0.26819963554881804,1,1,0.516482175267338,-0.019990342688964966,-1.1664719181187526,-0.02606368240277067,0.5262567244550019,1,0.9980295562487647,1,1,False,False,False,False,False,False,False,True,False,False,False,False,True,False
-1.0258571048190757,-0.7916541627007393,-1.0884058376534804,0,0,1.4221461785975316,-0.8608725038066614,1.4187467740806174,1.662542608380132,1.5486882489677798,1,1.4197506894947323,1,1,False,False,False,False,True,False,False,True,False,False,True,False,False,False
0.9357959991008594,-0.7402079439191726,0.2923591832231141,0,1,1.3267452022039523,1.7654281017765965,1.628359100475161,-2.6377884531073293e-16,-0.49617480005777587,1,-0.5482812656531169,0,1,True,False,False,False,False,False,True,False,False,False,False,True,False,False
0.816907932196621,1.931433503811507,2.080452276233566,0,0,1.3317397982351817,-1.462702203805591,-1.1664719181187526,0.26765696969644676,0.8670672326259278,1,0.5763084230027969,0,1,False,True,True,False,False,True,False,False,True,False,False,False,False,False
0.40079969803178633,-3.707514742634213e-16,-0.16003407931643512,0,1,-0.31961978079933473,0.6108105149866139,0.9296513458266826,1.5632582787555123,0.18544621628407598,0,-0.6888549767351061,1,1,False,True,False,False,False,False,True,False,False,False,True,False,False,False
0.014413480593011258,-1.650655518662694,-0.7867159454715382,0,1,1.4964196702268506,-0.6796239925668451,-1.0966011426539048,-2.6377884531073293e-16,1.5486882489677798,1,-1.5322972432270414,0,1,True,False,False,False,False,False,True,True,False,False,False,False,False,False
1.5599583503481114,1.6536366796020043,2.898334050250665,0,1,-1.5476582159089083,0.2500918460753776,-1.7254381218375354,0.019389956050356056,-0.8369853082287018,1,-1.3917235321450523,0,1,False,True,True,False,False,True,False,False,True,False,False,True,False,False
1.827456500882648,-1.6944610791264385,-8.116272163407169e-17,0,1,0.43907051845848705,1.1079867029898023,0.1610728157133564,-1.5778080306167404,1.5486882489677798,0,-0.26713384348913843,1,1,False,True,False,False,False,False,True,False,False,True,True,False,False,False
-0.13419660303728684,0.14397654438666396,-0.06933294623342369,0,0,0.1801111542995052,-0.5148456273315785,-0.537634938935122,1.436121649324867,0.5262567244550019,0,-0.9700023988990846,0,1,False,False,False,False,False,True,False,False,False,True,False,False,False,False
0.6980198652923826,-0.35779453430329056,0.3814090728413973,1,1,-0.23664809390033645,-0.09035317141584126,-0.39789338800542634,0.0973520070375365,-1.1777958163996276,1,0.9980295562487647,0,1,True,False,False,False,False,False,True,False,False,False,False,False,False,True
-0.2828066866675849,1.7068205109256267,0.4084997360723193,1,1,0.11268405151710578,-1.2195231869594978,-1.6555673463726874,-1.4851527388751136,-0.8369853082287018,1,-1.5322972432270414,0,1,False,True,True,False,False,True,False,False,False,False,False,True,False,False
0.8466299489226806,-3.707514742634213e-16,1.1749132567980556,1,1,0.038211281605863456,-0.2599490427356169,0.23094359117820426,0.2875702472413546,-1.5186063245705534,1,0.014013578674840039,1,1,False,True,True,False,False,True,False,False,False,False,False,False,True,False
0.13330154749724973,-0.6696975919190853,-0.23248893399157883,0,0,1.5423475487148226,0.13481563690128615,-0.1882810616108828,-2.6377884531073293e-16,0.8670672326259278,0,-1.3917235321450523,0,1,False,True,False,True,False,False,True,True,False,False,True,False,False,False
0.7871859154705614,-3.707514742634213e-16,-0.48114635018593116,0,0,0.35043949077058845,-1.2227499471311565,0.30081436664305206,0.1592624726075105,-0.15536429188684994,0,1.7008981116587107,0,1,False,True,True,False,False,False,True,False,True,False,False,True,False,False
-0.4611387870239426,-1.6219778315440487,-0.9891273359327091,1,0,-0.591381163957366,1.0513311081904906,1.4886175495454654,-0.5537023712128879,1.2078777407968537,1,-1.251149821063063,0,1,True,False,True,False,False,True,False,False,False,False,False,True,False,False
0.3710776813057267,0.4170803255296105,-8.116272163407169e-17,0,0,-0.980374818930846,-0.7520145462201158,-0.8869888162593612,-1.1702154735548804,1.5486882489677798,1,1.5603244005767216,0,1,False,True,True,False,False,False,False,False,True,False,False,False,True,False
-0.015308536133048362,1.832711890620393,0.8360524233109099,0,0,0.9899029808529537,1.498129254909958,-1.2363426935836004,-2.6377884531073293e-16,0.18544621628407598,1,1.5603244005767216,0,1,True,False,False,False,False,True,False,True,False,False,True,False,False,False
1.2627381830875153,-3.707514742634213e-16,0.9348595851052488,0,1,-0.9224085241464016,-1.1529344116395983,0.44055591757274776,-1.8831085267538659,-1.5186063245705534,1,0.5763084230027969,0,0,True,False,False,True,False,False,True,False,True,False,False,False,False,False
1.6491244005262902,1.0192119641873705,2.429112520572186,0,1,0.4386090569263333,1.486838979159945,1.698229875940009,1.5137930904612908,-0.8369853082287018,0,0.8574558451667754,0,1,False,True,False,False,True,False,True,False,True,False,False,False,False,False
-0.431416770297883,0.9377920004736978,-0.06865826473022574,1,0,-0.34728676170396605,0.355136875484411,-0.8171180407945134,-1.0923607912025721,1.5486882489677798,0,0.014013578674840039,1,0,False,False,True,False,False,False,False,True,False,False,False,True,False,False
1.1141280994572171,0.8181274209996298,-8.116272163407169e-17,1,1,-1.2062008917262297,-1.2431295020351516,0.7200390194321391,1.3833561131269447,-0.8369853082287018,0,1.2791769784127431,1,1,True,False,True,False,False,True,False,False,False,False,True,False,False,False
0.25218961440148824,1.6690731053736032,1.1248216642949618,0,0,-1.0426815226714294,1.5092571592891253,-1.5856965709078397,-0.6075414581243033,1.5486882489677798,1,0.15458728975682928,0,0,True,False,False,False,False,False,True,True,False,False,False,False,False,False
-0.37197273684576376,0.9866537711165613,0.01865823000446372,1,0,-0.9714191069722378,-0.0979780613384743,0.021331264783660715,-0.3395740373513173,-0.15536429188684994,0,-1.251149821063063,1,0,True,False,True,False,False,False,True,True,False,False,True,False,False,False
-1.3230772720796717,-1.4246197635787632,-1.3596983930453672,0,0,0.6397136645322783,-1.0037608390760184,-1.7254381218375354,1.1237521271659419,0.8670672326259278,1,-1.6728709543090308,1,1,True,False,True,False,False,False,False,False,False,False,False,False,True,False
-1.0555791215451351,-0.6684023614604045,-8.116272163407169e-17,0,1,-0.9015435898912287,-1.3741020501610153,0.021331264783660715,-2.6377884531073293e-16,0.8670672326259278,1,-0.6888549767351061,1,1,True,False,False,False,True,False,False,False,False,False,False,False,False,True
0.8763519656487402,-1.711712901214996,-8.116272163407169e-17,1,1,1.0349746108437259,1.696870531750421,0.23094359117820426,-2.6377884531073293e-16,1.2078777407968537,1,-1.6728709543090308,1,1,False,True,True,False,False,True,False,True,False,False,True,False,False,False
1.0844060827311575,-0.6503973994328287,0.46578640158442286,1,1,0.30910745726716515,-0.7980181382590136,1.3488759986157697,-2.6377884531073293e-16,-0.15536429188684994,1,-0.26713384348913843,0,1,False,False,False,True,False,False,True,False,False,False,True,False,False,False
-0.2233626532154657,0.00509049926872021,-0.21072852161584466,1,1,-1.2140918939107472,1.3189227046774061,-1.3062134690484484,1.3764131323205033,-1.5186063245705534,0,0.15458728975682928,1,1,False,True,True,False,False,False,False,False,True,False,False,True,False,False
0.816907932196621,-3.707514742634213e-16,1.2642266300513603,0,1,-0.47505314778739943,-0.1835827554913559,0.1610728157133564,-0.8480364419521553,1.5486882489677798,0,-1.5322972432270414,0,1,False,True,False,False,False,False,True,True,False,False,False,True,False,False
0.3710776813057267,-1.3274340836055154,-0.44103309191597284,0,1,0.3305341898016584,-0.16604828976336372,-1.445955019978144,-0.9909053497887541,0.8670672326259278,1,1.2791769784127431,0,1,True,False,False,True,False,False,False,False,False,False,False,True,False,False
1.4113482667178132,-0.9106447477337135,0.4772671396093881,1,1,-1.2711099846761056,0.3133518595119852,0.30081436664305206,-0.05620817011784498,0.8670672326259278,1,1.7008981116587107,1,1,True,False,True,False,False,True,False,False,False,False,False,False,False,False
1.054684066005098,1.9372073092823352,2.427171952032753,1,0,-1.7127767717905904,1.0507439623752173,0.9296513458266826,0.8360349261686124,1.2078777407968537,1,0.4357347119208077,0,1,False,True,True,False,False,True,False,False,True,False,True,False,False,False
0.13330154749724973,-3.707514742634213e-16,-0.034751006819628276,0,0,1.5813009385938905,-0.8198060611373263,0.8597805703618348,-0.8076343674042407,0.8670672326259278,1,-0.1265601324071492,1,0,True,False,True,False,False,True,False,False,False,False,False,False,False,False
0.7277418820184421,1.4670744892464724,1.638338980086359,1,0,-0.9439197347937434,-0.10040341163494987,0.44055591757274776,-2.6377884531073293e-16,-0.8369853082287018,1,1.7008981116587107,1,1,True,False,False,True,False,True,False,True,False,False,False,True,False,False
-1.0555791215451351,0.7611439104257675,-0.8272685766836064,0,0,-1.61808529147319,1.3698346658648592,-0.6773764898648177,-2.6377884531073293e-16,1.5486882489677798,1,-0.1265601324071492,1,0,False,False,True,False,False,False,False,False,False,False,False,False,True,False
0.6980198652923826,-0.318727276777236,-8.116272163407169e-17,1,1,1.372094569720807,-1.528935849790297,-0.46776416347027416,-2.6377884531073293e-16,-1.1777958163996276,1,-1.251149821063063,1,1,True,False,False,True,False,False,True,False,True,False,True,False,False,False
1.441070283443873,-0.5536186955043098,0.8084710978663502,1,0,-1.7284790084923354,0.41825688465574806,-1.0267303671890569,1.0564262586518092,1.5486882489677798,0,-1.3917235321450523,1,1,False,False,True,False,False,True,False,True,False,False,True,False,False,False
1.5302363336220517,-0.27055022511455096,-8.116272163407169e-17,0,1,1.274736877941693,1.4577417765562228,1.279005223150922,1.0193832724534566,-0.8369853082287018,1,-0.5482812656531169,1,1,False,True,False,False,False,False,False,False,True,False,False,False,False,False
-0.2530846699415253,0.6977527293111193,0.04202177744703536,0,0,1.169166458169097,-0.04695767035117549,0.9296513458266826,-2.6377884531073293e-16,0.5262567244550019,1,0.8574558451667754,0,1,True,False,True,False,False,False,False,False,True,False,False,False,True,False
-0.5503048372021215,0.16402381452293005,-0.45570979123733074,0,1,1.6571801337658414,1.675342422064639,-1.3062134690484484,-2.6377884531073293e-16,-1.5186063245705534,1,0.014013578674840039,1,1,True,False,True,False,False,False,True,False,True,False,False,False,True,False
-0.9961350880930158,-0.8878506603381544,-1.0870802773459232,0,1,0.5411841581657072,0.5023822417188456,1.4187467740806174,-0.8421875176970228,0.18544621628407598,0,0.8574558451667754,0,1,False,True,False,False,False,False,False,True,False,False,True,False,False,False
0.5494097816620844,-1.1972948823205418,-0.2639303604349558,0,1,1.3829459000877595,-1.1904351669782758,1.0693928967563784,0.8102937838787716,-0.8369853082287018,0,0.2951610008388185,0,1,True,False,True,False,False,True,False,True,False,False,False,False,True,False
0.9357959991008594,-1.7328379289951785,-0.43558320101456227,0,1,1.3713029330341298,-0.828680334212178,0.09120204024850856,-0.9355062480543505,-1.1777958163996276,1,0.9980295562487647,0,1,False,False,False,False,False,False,True,True,False,False,False,False,True,False
-1.3825213055317909,-3.707514742634213e-16,-8.116272163407169e-17,0,0,1.6149655823613165,-0.8494297087660365,1.4886175495454654,0.03879869979334975,1.5486882489677798,0,-1.6728709543090308,1,1,False,False,False,True,False,True,False,False,False,False,False,False,True,False
1.351904233265694,-0.37710229157180136,0.8913502041322607,0,0,0.3446595934293594,1.4991514671853552,-1.2363426935836004,-2.6377884531073293e-16,0.8670672326259278,1,-1.6728709543090308,0,1,False,False,True,False,False,False,True,False,False,False,True,False,False,False
1.1735721329093363,-1.2703225577428092,0.03484023999806322,0,0,-1.6020351872042162,1.4887984656406508,1.4886175495454654,0.19658217150146845,1.2078777407968537,0,-1.251149821063063,1,1,True,False,False,False,True,False,True,False,True,False,False,False,False,False
-0.49086080375000224,-1.760473877125866,-1.049423320425984,0,1,-0.7560889892623922,0.7176601062370455,-0.3280226125405785,-2.6377884531073293e-16,0.18544621628407598,1,0.5763084230027969,0,1,True,False,False,False,False,False,True,False,True,False,False,False,True,False
-0.5205828204760619,0.33846902172776827,-0.36998996193410705,1,1,0.9187613455239629,-1.032220931210454,-0.8171180407945134,0.617997807167982,-1.5186063245705534,1,0.8574558451667754,0,0,False,True,False,True,False,False,True,False,False,True,False,False,False,True
1.1735721329093363,-0.9160582878559569,0.3179916294624861,0,0,1.18200260273329,-1.3525429934843005,-1.6555673463726874,-1.6956087711239138,0.8670672326259278,0,-0.5482812656531169,0,1,True,False,False,False,False,False,False,True,False,False,False,False,True,False
1.2330161663614556,-1.7489990201056935,-0.3228282598355566,0,0,-0.9320686879530309,-1.0144495176902808,0.30081436664305206,-0.48698626238786713,-0.49617480005777587,1,0.2951610008388185,0,1,False,True,False,False,False,False,True,True,False,False,False,False,False,False
-0.10447458631122722,-0.8715973786643039,-0.4931563006877822,0,1,-0.5162168943760289,0.9452924726044535,-0.39789338800542634,-2.6377884531073293e-16,0.18544621628407598,1,0.2951610008388185,1,0,False,False,False,False,False,True,False,True,False,False,False,True,False,False
1.7977344841565883,1.8075376693378837,3.371955565889569,0,1,-0.7952732447824347,0.1520356896286824,0.789909794896987,-2.6377884531073293e-16,1.5486882489677798,1,1.2791769784127431,0,1,False,True,False,True,False,False,False,True,False,False,False,False,False,False
-0.431416770297883,-3.707514742634213e-16,-8.116272163407169e-17,1,1,1.4154711775406446,1.719093172514608,0.3706851421078999,-2.6377884531073293e-16,-0.49617480005777587,0,-0.6888549767351061,0,1,True,False,True,False,False,False,True,True,False,False,False,False,True,False
-1.2636332386275524,-0.11690005659019334,-1.1678000635122203,1,1,-1.6516189176846563,-0.5888642040337861,-0.8171180407945134,0.7942862113608632,-1.5186063245705534,1,-0.26713384348913843,0,1,True,False,True,False,False,True,False,False,True,False,True,False,False,False
0.6980198652923826,-3.707514742634213e-16,1.8755178989743189,0,1,-0.4548536948916904,-0.04945246241029547,1.209134447686074,-2.6377884531073293e-16,0.8670672326259278,1,1.2791769784127431,1,1,False,False,False,True,False,True,False,False,True,False,False,False,False,True
-1.1150231549972545,-0.1049187611188343,-8.116272163407169e-17,1,0,1.672504102326886,1.534054098755684,-0.1882810616108828,1.57081544926411,-1.5186063245705534,0,0.9980295562487647,1,1,True,False,True,False,False,False,False,False,False,False,False,False,False,True
1.7977344841565883,1.7884223738921925,3.3533697071413884,0,0,0.5298227108993222,-1.1126911308713339,0.44055591757274776,2.009661394960801,-0.15536429188684994,0,-1.251149821063063,0,1,False,True,True,False,False,True,False,False,False,True,False,False,False,False
0.0738575140451305,0.6065941422843966,-8.116272163407169e-17,0,0,1.5469377033422504,1.2330682218908187,-1.1664719181187526,-0.7162201053975983,1.5486882489677798,1,-0.4077075545711276,0,0,True,False,True,False,False,False,False,False,False,False,False,False,False,False
-0.19364063648940608,-0.3830503207378454,-8.116272163407169e-17,1,0,-1.1737790761228324,1.6749691267725528,0.8597805703618348,-2.6377884531073293e-16,1.5486882489677798,1,0.5763084230027969,0,1,False,False,False,False,False,True,False,False,True,False,False,False,True,False
-0.3125287033936445,-0.900967225613606,-0.6423627388435612,0,0,0.8512574062632692,-1.6416131131119014,0.23094359117820426,-2.6377884531073293e-16,0.5262567244550019,1,-0.5482812656531169,1,1,False,True,False,False,True,True,False,False,False,True,True,False,False,False
1.6194023838002305,1.9921167151664276,3.2917008189808845,0,1,-0.7093731802921657,-0.4439809029238278,-0.39789338800542634,-2.6377884531073293e-16,1.2078777407968537,1,-1.1105761099810738,0,0,True,False,False,False,False,False,False,False,False,False,False,False,True,False
1.0844060827311575,0.3840068778728555,1.2669805548264481,0,0,0.44897227892097813,1.5173297077952745,0.1610728157133564,0.7843505771839501,1.5486882489677798,1,1.138603267330754,0,1,False,False,True,False,False,False,True,False,True,False,False,False,False,False
-1.4419653389839102,-1.7034329319386394,-1.440908821460224,1,0,1.415236345833592,-0.5191009542355685,1.209134447686074,-2.6377884531073293e-16,0.5262567244550019,1,1.7008981116587107,1,1,True,False,True,False,False,True,False,False,True,False,False,True,False,False
-0.4016947535718234,1.0243269301083149,-0.0026852761402095097,1,0,-0.23284939624684814,0.16323112690247027,0.23094359117820426,-0.37562341061761545,1.2078777407968537,0,0.7168821340847862,0,1,False,False,False,True,False,False,True,False,True,False,False,False,True,False
1.054684066005098,-0.5656346915114849,0.5092276409285632,0,0,1.5077572368528436,0.20669971070008328,1.209134447686074,-2.6377884531073293e-16,-1.5186063245705534,0,0.8574558451667754,1,1,False,False,False,False,False,False,False,False,True,False,True,False,False,False
1.1141280994572171,-0.7489462391569597,0.41015670218053557,0,1,-1.5689235114727489,0.9291072207666603,0.30081436664305206,0.8702181405446998,-1.1777958163996276,1,1.4197506894947323,1,1,False,False,True,False,False,False,False,False,True,False,True,False,False,False
-1.3527992888057314,-3.707514742634213e-16,-8.116272163407169e-17,0,1,-1.090523949069926,0.4261990765075302,-0.6075057143999699,-0.37893066596066594,-0.15536429188684994,1,-1.5322972432270414,0,1,True,False,True,False,False,False,False,False,False,False,False,True,False,False
0.4899657482099652,1.3337008910156782,1.2453293581195366,0,0,-0.24827013804922132,1.6297925976474337,-0.1882810616108828,2.0233862614144043,0.8670672326259278,0,-0.6888549767351061,0,1,False,True,True,False,False,False,False,False,False,True,True,False,False,False
1.827456500882648,1.3402009943781603,2.9554779493301497,1,1,-0.4671608502921681,0.1998234850672216,-0.11841028614603497,-2.6377884531073293e-16,-0.15536429188684994,0,-0.9700023988990846,1,1,False,False,True,False,False,False,True,True,False,False,True,False,False,False
0.10357953077119011,-1.6670363741465386,-0.7551364762986866,0,1,-0.7617453365426087,-1.6931643334426605,0.021331264783660715,1.6912617043774276,-1.5186063245705534,1,1.4197506894947323,0,1,False,True,False,False,True,False,False,False,False,True,False,True,False,False
-0.7286369375584792,-0.2172992061145675,-0.7287395044926418,1,0,0.24254158840415754,1.5799072241818786,-1.0966011426539048,-0.06680839907428449,-0.8369853082287018,0,1.5603244005767216,1,1,True,False,False,True,False,True,False,True,False,False,False,True,False,False
1.054684066005098,0.14021064600207941,1.050121572376967,0,1,0.9601125904769259,-0.30023632148488283,0.6501682439672912,1.131629687968423,-0.15536429188684994,1,0.9980295562487647,0,1,False,True,False,False,False,False,False,False,True,False,False,False,False,False
1.441070283443873,1.7519524347617268,2.8222138981226474,1,0,1.1694068280721186,0.9675187933014385,-0.25815183707573064,1.2849349000736987,0.18544621628407598,0,0.8574558451667754,1,1,False,False,False,True,False,False,False,False,True,False,False,True,False,False
1.5599583503481114,1.0598204838428757,2.3601084713037856,0,1,1.5799337101366757,-1.014576130393764,-1.3760842445132961,1.4679066250022672,0.5262567244550019,1,-1.3917235321450523,1,1,False,True,True,False,False,False,True,False,True,False,False,False,True,False
1.2627381830875153,-1.6225163057251424,-0.20614766425990905,1,0,-1.5078210840494093,0.5196023141919375,-1.445955019978144,1.3470518662968538,-0.15536429188684994,0,-0.6888549767351061,0,1,True,False,True,False,False,True,False,False,False,True,True,False,False,False
0.46024373148390557,-3.707514742634213e-16,0.9214218517588101,1,1,0.5429593770802483,-1.6482644924938477,0.789909794896987,-1.708778610552708,-0.15536429188684994,1,0.5763084230027969,1,1,False,True,False,True,False,False,True,False,False,False,True,False,False,False
-0.2828066866675849,0.039325198723020434,-8.116272163407169e-17,1,0,1.1409129450563709,0.7758795039406751,-0.04853951068118712,-2.6377884531073293e-16,-0.15536429188684994,1,0.7168821340847862,0,0,True,False,False,False,False,False,False,True,False,False,False,False,False,False
-1.4122433222578505,-1.1242071589534919,-8.116272163407169e-17,0,0,0.7209419962837428,1.303682933063952,-1.7254381218375354,-2.6377884531073293e-16,-0.8369853082287018,0,-1.3917235321450523,0,1,False,True,False,False,True,False,True,True,False,False,False,False,True,False
-1.1744671884493736,-1.591477319647705,-1.308778765382757,0,0,-1.3959581415797147,-0.8488355298582634,-0.537634938935122,0.7613535628732391,-1.1777958163996276,1,-0.1265601324071492,0,1,True,False,False,False,False,False,False,False,True,False,True,False,False,False
0.7871859154705614,-1.8087673291792252,-0.551106715808478,0,0,0.18437575800583758,1.6639572209441058,1.628359100475161,-2.6377884531073293e-16,-1.5186063245705534,1,1.7008981116587107,1,1,False,False,True,False,False,False,True,True,False,False,True,False,False,False
-0.4016947535718234,0.11065255988174699,-0.33394125763492305,0,1,-1.2766525208497024,1.132390631634293,-0.8171180407945134,-0.32392543011418656,0.18544621628407598,1,0.5763084230027969,0,1,True,False,False,True,False,False,True,False,False,False,False,False,False,False
1.7680124674305286,1.665892648024852,3.193634811420151,0,0,-0.4910725560700823,0.99270112777753,-0.537634938935122,0.4267557155686424,0.18544621628407598,1,0.4357347119208077,0,1,False,True,False,True,False,False,False,False,False,True,False,False,False,True
-1.4419653389839102,-1.5214507276749667,-1.4274132574130836,0,0,-1.1764684717955098,-1.6069315779012907,0.23094359117820426,1.2694575414160991,-0.8369853082287018,1,1.138603267330754,0,1,False,False,True,False,False,True,False,False,False,True,True,False,False,False
-0.015308536133048362,-0.17974494322489928,-8.116272163407169e-17,0,0,1.1810799159369474,0.6731488414447491,-1.1664719181187526,-0.9180246807144413,1.2078777407968537,1,0.15458728975682928,1,1,True,False,True,False,False,False,False,False,True,False,False,False,True,False
-0.37197273684576376,-1.9220822233129913,-1.05988219838185,0,0,0.7499065414268049,-0.08296914932579354,-0.04853951068118712,-1.6772387599144765,-0.15536429188684994,1,-1.251149821063063,0,1,False,False,True,False,False,False,False,True,False,False,False,False,False,True
0.7277418820184421,-3.707514742634213e-16,1.8058553633580918,0,0,-1.5449165071071629,0.29780354044073304,-0.537634938935122,-2.6377884531073293e-16,1.2078777407968537,1,1.2791769784127431,1,1,False,False,True,False,False,True,False,True,False,False,False,True,False,False
-0.9664130713669561,-0.2157600871267329,-8.116272163407169e-17,1,1,0.6419584971524346,-0.11888196287391213,1.5584883250103132,-2.6377884531073293e-16,0.8670672326259278,0,0.15458728975682928,1,1,False,False,True,False,False,False,True,False,True,False,False,False,True,False
-0.5503048372021215,-0.7993380476856053,-0.7652903405002898,1,1,1.4511015814792043,-0.9467104012645292,-1.2363426935836004,-0.13907491944544026,-0.8369853082287018,1,1.5603244005767216,1,1,False,False,False,False,True,True,False,True,False,False,False,False,True,False
-1.0258571048190757,-1.51437378824716,-1.2253732636629941,0,1,-0.8878266068921933,-0.6627441283759994,-1.2363426935836004,-0.35678443734258164,0.18544621628407598,1,0.15458728975682928,0,1,False,False,False,True,False,False,False,True,False,False,False,False,False,False
-0.7880809710105985,-3.707514742634213e-16,-8.116272163407169e-17,0,0,-0.5315901417331435,0.8013234728762759,0.44055591757274776,0.20487280484841217,1.2078777407968537,1,0.15458728975682928,0,1,False,False,False,True,False,False,True,True,False,False,True,False,False,False
1.589680367074171,-0.7262160281714756,0.7621615597602167,1,1,0.9793823757675802,-0.5069464372832666,-0.7472472653296656,0.7912821814206005,1.5486882489677798,1,-1.3917235321450523,0,1,True,False,True,False,False,False,False,False,True,False,False,False,False,True
-0.66919290410636,-0.17523050435300824,-8.116272163407169e-17,0,0,-0.3433204559409632,-0.7075535047478333,-0.39789338800542634,0.9504816545275213,1.5486882489677798,1,1.138603267330754,1,1,False,True,True,False,False,False,False,True,False,False,False,False,False,False
0.43052171475784595,0.6831383892644958,0.7836470611361546,1,1,0.4645641979517731,-1.0535367152201653,0.8597805703618348,1.4811557272698415,-1.5186063245705534,1,0.5763084230027969,1,1,False,False,True,False,False,False,True,True,False,False,False,False,True,False
1.5005143168959922,1.9158393149587192,-8.116272163407169e-17,0,1,-0.5225691966306034,-1.4234233334466357,-0.3280226125405785,0.8476460417787843,1.5486882489677798,1,-0.5482812656531169,1,1,True,False,False,True,False,False,False,False,True,False,False,False,True,False
-0.34225072011970414,-0.07134256224436313,-0.3473556333726392,0,1,0.026949351575014623,0.2732727399283865,0.23094359117820426,-2.6377884531073293e-16,1.2078777407968537,0,0.7168821340847862,0,1,False,False,True,False,False,True,False,True,False,False,False,True,False,False
-0.9961350880930158,-3.707514742634213e-16,-0.9619547368626052,1,0,-1.4955230095058079,-0.44817444582100496,-1.0267303671890569,-1.4746488722662505,0.5262567244550019,0,-1.6728709543090308,0,1,False,False,True,False,False,True,False,True,False,False,True,False,False,False
0.4899657482099652,-3.707514742634213e-16,-0.4813490489006519,0,0,-1.4481663895077996,-0.24012877023341736,0.9296513458266826,-0.5331356098199461,0.8670672326259278,1,0.5763084230027969,0,1,False,False,False,False,False,False,False,True,False,False,True,False,False,False
0.6088538151142037,0.3138626225496379,-8.116272163407169e-17,1,1,0.10807746606183541,-1.401602014965105,-1.1664719181187526,-0.6448078762385357,-0.15536429188684994,0,-0.1265601324071492,0,1,False,False,False,True,False,False,True,False,True,False,False,True,False,False
0.6682978485663229,-3.707514742634213e-16,0.7774280490837308,0,1,-0.3250245901006758,-1.1083914979762817,-0.8869888162593612,-2.6377884531073293e-16,0.8670672326259278,1,-1.6728709543090308,1,1,False,False,False,False,False,False,True,True,False,False,True,False,False,False
-1.1447451717233141,-1.0238925151192104,-8.116272163407169e-17,1,1,0.47455523453412,0.8277652752747766,-0.39789338800542634,0.006397165683792829,-0.8369853082287018,1,0.15458728975682928,0,1,True,False,True,False,False,False,True,True,False,False,False,False,True,False
-1.5014093724360293,-0.8995090039633259,-1.4202115432194382,0,1,-0.48732144998612037,0.1396852241161304,-0.3280226125405785,-2.6377884531073293e-16,-1.1777958163996276,0,0.9980295562487647,1,1,False,False,True,False,False,False,True,False,False,True,False,False,False,True
-0.4611387870239426,-0.26620341203391595,-0.5199291374896747,1,1,-1.824776046162247,-1.3256802457761276,0.021331264783660715,0.5684680288695179,0.8670672326259278,0,0.4357347119208077,0,0,False,False,False,True,False,True,False,False,False,True,True,False,False,False
-1.5905754226142081,-0.7565206757377987,-1.4738797455052333,0,1,-1.2547003236338554,1.1653598435284278,1.698229875940009,-0.695492950667249,-0.15536429188684994,1,-1.5322972432270414,0,1,True,False,False,False,False,False,False,True,False,False,False,False,True,False
0.5494097816620844,-0.2380223486728024,0.33679395619404334,0,0,-0.12597405884253735,-1.3408138558051266,1.0693928967563784,-0.4949662170561762,-1.5186063245705534,0,1.138603267330754,1,1,False,False,True,False,False,False,True,False,True,False,True,False,False,False
-1.1744671884493736,-3.707514742634213e-16,-0.9947759978019828,1,1,-0.786897933738076,1.2889124706214992,1.4187467740806174,1.784389163777641,-0.8369853082287018,1,1.138603267330754,0,1,False,False,False,True,False,True,False,True,False,False,True,False,False,False
-0.34225072011970414,0.055960910333281384,-0.29910336971548557,0,0,0.07422829635308775,1.3869794897661627,-1.2363426935836004,1.850168069508069,0.8670672326259278,1,-0.5482812656531169,1,1,False,False,True,False,False,True,False,False,False,False,False,True,False,False
-1.47168735570997,-3.707514742634213e-16,-1.4447940063795588,0,1,0.906758914475364,-0.7247754603066993,1.5584883250103132,1.653506790108768,-1.5186063245705534,0,-0.5482812656531169,0,1,True,False,False,False,True,False,False,False,False,True,True,False,False,False
-1.6500194560663275,-3.707514742634213e-16,-8.116272163407169e-17,1,0,0.6819853188589345,-0.7031908182531427,-0.11841028614603497,0.24117142993626103,0.8670672326259278,1,0.014013578674840039,1,1,False,True,True,False,False,True,False,False,False,True,False,False,False,False
-1.0555791215451351,0.719275887732621,-0.834858278990251,0,0,1.265606960277087,-0.5777680837189748,1.4886175495454654,-2.6377884531073293e-16,-0.8369853082287018,1,1.7008981116587107,0,1,False,True,False,False,False,False,True,False,True,False,False,False,True,False
-0.5205828204760619,1.0589828862629118,-0.13251274889121425,0,0,0.4852375217063836,1.1584871557750078,0.3706851421078999,0.20329038092961374,-0.49617480005777587,1,0.4357347119208077,1,1,True,False,False,True,False,False,False,False,False,True,False,False,True,False
1.3816262499917538,-1.480190172429585,-8.116272163407169e-17,0,1,0.02067705777978034,-0.8261374661273255,1.279005223150922,-2.6377884531073293e-16,0.8670672326259278,1,-0.8294286878170953,0,1,True,False,False,False,True,False,False,False,False,False,False,False,False,False
-0.49086080375000224,0.04712570362096067,-0.4387545669725545,1,1,0.674498154844366,0.10029777964791221,-1.6555673463726874,-1.1646158424763202,0.8670672326259278,0,1.138603267330754,0,1,True,False,False,True,False,True,False,False,False,True,True,False,False,False
0.9655180158269191,0.2277254723206027,1.030938996620665,1,1,0.3767724958063092,-0.1823471696746384,-1.0966011426539048,-1.9168068734604664,-1.1777958163996276,0,-1.3917235321450523,0,1,True,False,True,False,False,True,False,True,False,False,False,True,False,False
0.16302356422330935,-0.368016515730021,-0.054529043634695344,1,1,0.6468800123437913,-1.6312465800864453,1.4886175495454654,-0.13971750317317516,1.2078777407968537,0,-0.9700023988990846,1,1,False,True,False,False,False,False,False,False,True,False,True,False,False,False
1.1438501161832768,0.021207735674014013,1.0400695928553498,0,0,-1.6305034985814508,0.8851121777931351,-0.25815183707573064,-0.23964088911959072,1.2078777407968537,1,1.7008981116587107,1,0,False,False,True,False,False,True,False,False,False,False,False,False,False,False
0.9357959991008594,-1.111073127226051,0.020386252900562576,1,0,-0.4377364070586473,0.7933167462700086,1.628359100475161,1.1406272874570613,-0.8369853082287018,1,-0.8294286878170953,0,1,True,False,True,False,False,False,False,False,False,True,False,True,False,False
-0.13419660303728684,0.7318642479692351,0.18740487783709384,1,0,-0.2137505513809785,1.4980265437842009,-0.25815183707573064,1.6892984278413892,0.18544621628407598,1,0.8574558451667754,1,1,False,True,True,False,False,True,False,False,False,False,False,False,False,True
-0.04503055285910798,-0.9914991359949901,-0.5091021469148629,1,0,-0.7579292803630606,1.0520179274418313,1.5584883250103132,0.01720066384239549,-1.5186063245705534,0,0.4357347119208077,1,1,True,False,False,False,False,False,True,False,False,True,False,False,True,False
0.9655180158269191,-1.7811809529197853,-0.4588399318322126,1,0,-0.14575621476022146,-0.6420800967983049,0.9995221212915305,-0.9726523526083464,-0.8369853082287018,1,-0.26713384348913843,0,1,True,False,True,False,False,False,False,False,True,False,True,False,False,False
-0.8475250044627176,1.9694018586316655,-8.116272163407169e-17,1,1,0.9934357390915842,0.2695482729668619,0.23094359117820426,-0.8038318521163934,0.8670672326259278,0,-1.251149821063063,1,1,True,False,True,False,False,False,True,False,False,False,False,True,False,False
0.43052171475784595,1.6627065176593228,1.3647950681637129,1,1,0.4180831528809547,1.5409406068031661,-1.0966011426539048,0.1904765011879545,0.8670672326259278,0,0.4357347119208077,1,1,False,False,False,True,False,False,False,False,False,False,True,False,False,False
-0.7880809710105985,-0.4626392951199838,-0.8415713773127671,1,0,-1.2310392237818002,0.05747022281007888,1.628359100475161,1.1929043366887442,-1.1777958163996276,0,0.15458728975682928,0,1,False,False,False,False,True,False,False,False,False,True,False,False,True,False
-1.3825213055317909,-0.5482380294005382,-8.116272163407169e-17,0,1,0.2686719620343318,-0.9616521815823051,0.7200390194321391,-2.6377884531073293e-16,0.5262567244550019,0,0.7168821340847862,0,1,False,False,False,False,False,True,False,False,True,False,False,True,False,False
-0.5503048372021215,0.7008177474353442,-0.28320871234774897,0,0,0.21947495806006256,-1.3957541151068706,-1.2363426935836004,1.1337842424271694,0.8670672326259278,0,-1.3917235321450523,0,1,True,False,False,False,False,False,True,True,False,False,True,False,False,False
-1.6202974393402678,-3.707514742634213e-16,-1.4828113483304388,0,1,-0.5130730324822605,-0.6283468999326753,-1.3062134690484484,-0.6139879961822995,-1.5186063245705534,1,1.138603267330754,0,1,False,True,True,False,False,True,False,False,False,False,True,False,False,False
-0.13419660303728684,-1.4293208051064243,-0.7564113383536542,1,0,-1.3820889413630375,-0.5244121916766278,-1.1664719181187526,1.6691513142732712,-1.5186063245705534,0,-0.5482812656531169,1,1,True,False,True,False,False,False,False,True,False,False,False,True,False,False
-0.34225072011970414,-1.7593355231237615,-0.9871612863574395,0,1,0.3612278079700331,0.6628609220151681,-1.445955019978144,-0.4519414511357035,-0.49617480005777587,0,0.4357347119208077,1,1,False,True,True,False,False,False,True,True,False,False,False,True,False,False
-0.07475256958516761,-0.026384483554145265,-0.09042219514062615,0,0,-0.593210790820277,1.49571443009118,0.021331264783660715,0.2090805644684306,0.8670672326259278,1,-0.4077075545711276,0,1,False,False,True,False,False,False,False,False,False,False,True,False,False,False
-0.8772470211887773,-0.37767537528386264,-0.8911490901132151,0,0,-0.8798480139343107,-1.5797192371166886,-0.7472472653296656,-1.356755341086823,1.5486882489677798,0,0.2951610008388185,1,1,True,False,False,True,False,False,True,False,True,False,False,True,False,False
-0.8475250044627176,-0.5588122855569746,-0.9106726363688554,0,1,-0.2875655217887449,-1.6948631270969199,1.0693928967563784,-0.38166587734995,-0.49617480005777587,0,-0.9700023988990846,0,1,True,False,False,True,False,True,False,False,True,False,True,False,False,False
-0.2233626532154657,-0.01701591086657436,-0.21983620317430413,0,0,-0.006400797201915962,1.6030429710560117,0.44055591757274776,0.4664610283624421,1.2078777407968537,1,0.9980295562487647,0,1,False,False,False,False,False,False,True,True,False,False,False,False,False,True
-1.1150231549972545,-3.707514742634213e-16,-0.9873782914408769,0,0,1.4193320932349418,-0.011608404416511217,-0.8171180407945134,-1.3986885039947003,1.5486882489677798,0,0.4357347119208077,0,0,False,False,False,True,False,True,False,True,False,False,False,True,False,False
-0.6097488706542408,-1.272854723135066,-8.116272163407169e-17,0,1,-0.6519063791067654,-0.5024218274795645,1.5584883250103132,-1.4302400258968464,-0.8369853082287018,1,-1.251149821063063,1,1,False,True,False,True,False,True,False,False,False,False,False,True,False,False
0.6682978485663229,1.9872811410643554,1.9033319126835366,0,1,1.1068089509812822,0.7509616782956394,-1.515825795442992,1.8242439243120203,-1.5186063245705534,0,0.15458728975682928,1,1,False,False,True,False,False,False,True,True,False,False,False,True,False,False
-1.0555791215451351,-3.707514742634213e-16,-8.116272163407169e-17,0,0,1.517339312216803,0.6817641424697348,1.3488759986157697,-0.31828066446664377,1.2078777407968537,1,-1.251149821063063,0,1,True,False,False,False,False,True,False,False,False,False,False,True,False,False
-1.0853011382711948,0.09072782575543338,-8.116272163407169e-17,0,0,1.0011833629986704,-0.06109373391466079,1.4187467740806174,-1.8856846003658914,0.18544621628407598,0,-0.9700023988990846,0,1,False,False,False,False,True,True,False,False,False,False,False,False,False,False
-0.34225072011970414,-3.707514742634213e-16,0.25994823433416503,1,1,0.7992501323624733,-1.4417768907912776,-0.39789338800542634,0.10022048579087624,0.5262567244550019,0,1.4197506894947323,0,1,True,False,True,False,False,False,False,False,False,False,False,True,False,False
0.04413549731907088,-0.04189533730255487,0.00865621412582577,0,0,0.6646795213675383,-1.1706850818453074,-0.7472472653296656,-2.6377884531073293e-16,-1.1777958163996276,0,0.5763084230027969,1,1,False,False,False,False,False,True,False,False,False,False,False,False,True,False
0.7574638987445017,-1.897006458125453,-0.6234223454836324,0,0,-1.6361514121267073,-0.8976838623907057,1.0693928967563784,-0.7276531609674689,1.5486882489677798,1,1.2791769784127431,1,1,False,False,True,False,False,True,False,True,False,False,False,False,False,False
0.5494097816620844,1.3580142490376061,1.3362784205605984,0,1,0.3005733941885777,0.9382378687004347,0.5104266930375956,-0.7732187229532332,1.5486882489677798,0,-0.1265601324071492,1,1,True,False,False,True,False,True,False,True,False,False,False,False,True,False
0.5494097816620844,-1.3154976164725327,-0.3379523450185455,0,0,-0.9368289217429392,0.9735251713585801,0.09120204024850856,0.11767185290946357,-0.8369853082287018,0,-1.3917235321450523,0,1,False,False,False,False,True,True,False,True,False,False,True,False,False,False
0.6980198652923826,0.3900063271825946,0.8805125437203576,0,0,1.0489600241764507,-1.5490885499424676,0.09120204024850856,1.516400442192546,-1.1777958163996276,0,0.9980295562487647,1,1,False,True,True,False,False,False,False,False,True,False,False,False,True,False
-1.47168735570997,-1.7458038505516738,-1.4565379846723585,0,1,1.6232477004980719,-0.4876801032920564,0.9296513458266826,-2.6377884531073293e-16,-1.5186063245705534,0,0.8574558451667754,0,1,False,True,True,False,False,True,False,False,False,False,False,True,False,False
0.25218961440148824,0.7555751437939621,0.6280336284522026,0,1,-0.3404646704830054,0.555220667549825,1.4187467740806174,-2.6377884531073293e-16,1.5486882489677798,0,-0.5482812656531169,0,1,False,False,False,True,False,True,False,False,True,False,True,False,False,False
1.1735721329093363,1.9846025114438652,2.636391212770873,0,0,1.4323960184982203,0.30118947919801387,-1.515825795442992,-2.6377884531073293e-16,-1.5186063245705534,0,1.7008981116587107,1,1,False,True,True,False,False,True,False,False,False,False,True,False,False,False
1.827456500882648,-3.707514742634213e-16,2.141765487566385,1,0,-0.4339847401184283,-1.1354030985055537,-0.8171180407945134,0.000490749020338906,0.18544621628407598,1,0.15458728975682928,1,1,False,False,False,True,False,False,True,False,True,False,False,False,False,False
0.04413549731907088,-0.3006131016666503,-8.116272163407169e-17,1,1,0.652783202517402,-1.3118258513865104,-1.7254381218375354,-1.6436428767860187,0.8670672326259278,1,-1.6728709543090308,1,1,False,False,True,False,False,False,True,True,False,False,False,False,False,False
1.351904233265694,-0.4237124578338524,0.851791916235071,1,1,-0.02421940400218482,0.4881326200339431,-0.6773764898648177,-0.8406929585815858,1.5486882489677798,1,-0.1265601324071492,0,1,False,True,False,False,False,False,True,False,True,False,False,True,False,False
-1.5608534058881487,-3.707514742634213e-16,-1.4447441040901015,0,1,1.505677667103806,-0.13337061756183133,0.09120204024850856,-0.2602985452982432,-0.49617480005777587,0,-0.8294286878170953,0,1,True,False,True,False,False,False,False,False,False,False,False,True,False,False
0.5791317983881441,1.2580918193979438,1.3109427514635725,1,0,0.9083097238456578,-1.0831588755836663,-1.2363426935836004,-2.6377884531073293e-16,0.18544621628407598,1,0.7168821340847862,1,1,False,False,False,False,False,False,False,False,False,False,True,False,False,False
0.6980198652923826,-1.7316385096989022,-0.5355333002973925,1,0,-0.44952987875689465,1.0292307565668268,0.7200390194321391,-2.6377884531073293e-16,1.5486882489677798,0,0.5763084230027969,1,1,True,False,False,True,False,True,False,False,False,False,False,False,True,False
-1.5014093724360293,-0.11180140621878204,-1.3747773642435617,0,1,-0.6061114654619933,1.6319035121643497,-0.46776416347027416,-0.39611422801802654,0.18544621628407598,0,-0.1265601324071492,1,1,True,False,True,False,False,False,False,False,True,False,True,False,False,False
-0.4611387870239426,-1.854027456272357,-1.0694336644082412,1,0,-0.00025345743962930205,1.4558840073163386,-0.3280226125405785,-2.6377884531073293e-16,0.5262567244550019,1,0.7168821340847862,1,1,False,False,True,False,False,False,False,False,True,False,False,False,False,False
1.6491244005262902,-1.1637110975917584,0.39658477585596486,0,1,-1.047006021400562,-1.291978548620668,-1.445955019978144,1.225778371308624,1.5486882489677798,1,-0.4077075545711276,1,1,False,False,True,False,False,True,False,True,False,False,True,False,False,False
-0.10447458631122722,1.4786267438848306,0.5525811207044707,1,0,-1.6383839587289646,-0.9117646647555591,1.4187467740806174,-1.6575392806489684,-0.49617480005777587,1,0.014013578674840039,0,1,False,False,True,False,False,True,False,True,False,False,False,True,False,False
-0.19364063648940608,1.449373834717469,0.4231205915241937,0,0,-0.9889580443160536,-0.49221104811325816,0.9995221212915305,0.9906024550207522,-0.15536429188684994,1,1.2791769784127431,0,1,False,False,True,False,False,True,False,False,False,True,False,False,True,False
1.5005143168959922,-3.707514742634213e-16,-8.116272163407169e-17,0,0,0.8292474955313128,0.1887076969470287,0.9296513458266826,-2.6377884531073293e-16,0.5262567244550019,1,-0.1265601324071492,0,1,True,False,True,False,False,True,False,True,False,False,False,False,False,True
-0.49086080375000224,-3.707514742634213e-16,-0.38351355830291506,1,1,-0.5576730453392962,-1.3852554307714515,1.209134447686074,1.0470717209844094,0.18544621628407598,1,1.5603244005767216,0,1,False,True,False,False,False,True,False,True,False,False,False,False,False,True
-0.8772470211887773,0.06332339286902436,-0.7894036352374723,1,1,-1.0750358143476466,-1.0015911497541405,-0.3280226125405785,0.1443885792097932,-1.5186063245705534,0,1.138603267330754,1,1,False,True,False,True,False,False,False,False,True,False,False,False,True,False
-1.47168735570997,-3.707514742634213e-16,-8.116272163407169e-17,0,1,-0.48976207100237645,0.9381390080785198,-0.6075057143999699,-2.6377884531073293e-16,-0.49617480005777587,0,-1.3917235321450523,0,1,True,False,False,True,False,False,False,False,False,False,False,False,True,False
-1.3527992888057314,-0.13457008563657955,-1.2472740150537973,0,1,0.3350846049070673,-1.0414029684929402,-1.0966011426539048,1.5757748343154798,-0.15536429188684994,1,-1.3917235321450523,0,1,False,False,False,False,False,False,False,False,False,False,True,False,False,False
-0.5503048372021215,-3.707514742634213e-16,-0.0656102913498319,1,1,-0.837016691732556,-1.5483013619032588,0.5104266930375956,-1.884056100308965,1.5486882489677798,1,0.2951610008388185,1,1,True,False,True,False,False,False,False,True,False,False,False,False,True,False
0.2224675976754286,0.3532472908211732,0.3794526090965968,1,1,-0.39162518028360876,-0.8300813563878243,0.5802974685024435,-2.6377884531073293e-16,-1.5186063245705534,1,1.7008981116587107,0,1,False,False,True,False,False,False,False,False,True,False,True,False,False,False
0.13330154749724973,0.12601727685128894,0.1740187628147219,1,0,-1.0436727414306406,0.22605384925399072,1.698229875940009,-2.6377884531073293e-16,-0.8369853082287018,0,-0.6888549767351061,1,1,False,False,True,False,False,False,True,False,False,False,True,False,False,False
0.6980198652923826,1.8778631355662272,1.8735503101647866,1,1,0.7142888252826802,1.2429846949087893,0.8597805703618348,0.4729885375913916,-1.5186063245705534,0,0.2951610008388185,0,1,False,True,True,False,False,False,False,True,False,False,False,True,False,False
0.3116336478536075,-1.682913226719103,-0.6720802738945555,0,1,1.0500070339475516,-1.6499399496662424,-0.25815183707573064,1.1524665115273278,-1.5186063245705534,1,0.5763084230027969,0,1,False,True,True,False,False,True,False,True,False,False,False,False,False,False
1.0844060827311575,-1.243684723196409,-8.116272163407169e-17,0,0,-0.4885490531424351,-1.1644056466676245,-1.0966011426539048,-0.5487942085049555,-1.1777958163996276,1,-0.4077075545711276,0,1,False,False,True,False,False,True,False,False,False,False,False,False,False,False
-1.3527992888057314,-1.1153358048109587,-1.3442504319286372,0,1,-1.3597677261717782,-0.43735892209780197,-0.46776416347027416,-2.6377884531073293e-16,-0.49617480005777587,1,-1.3917235321450523,1,1,False,False,True,False,False,False,True,True,False,False,True,False,False,False
0.9060739823747999,-0.9897172437764129,0.0906652103575569,0,0,-0.5029857957311193,-0.8832489313855374,-0.7472472653296656,0.10701256260977396,-0.8369853082287018,1,-0.1265601324071492,0,1,True,False,False,False,False,False,False,True,False,False,False,False,False,False
-0.6989149208324196,1.5854085198524739,-0.19862009926294075,1,1,0.607660119878203,-0.6774377718025005,-1.0966011426539048,-0.23595897349933476,-1.5186063245705534,0,-1.5322972432270414,1,1,False,True,True,False,False,False,False,False,False,False,True,False,False,False
-0.07475256958516761,-3.707514742634213e-16,0.156348914668144,1,1,0.25863007858020226,-1.0197403334408242,-1.3760842445132961,-1.6851873744314798,-0.15536429188684994,0,0.5763084230027969,1,1,True,False,True,False,False,False,True,True,False,False,True,False,False,False
-0.9961350880930158,-3.707514742634213e-16,-0.8797026324089988,1,0,-0.49482200980379515,-0.5136861112707302,0.44055591757274776,-2.6377884531073293e-16,-1.1777958163996276,1,0.5763084230027969,0,1,False,True,True,False,False,False,False,False,True,False,False,False,False,True
0.16302356422330935,1.2782788366451823,0.8000808409344681,1,0,-0.3274730560563817,-1.5977654993041726,-0.25815183707573064,-2.6377884531073293e-16,0.5262567244550019,1,0.9980295562487647,1,1,True,False,False,False,False,False,False,True,False,False,True,False,False,False
-0.9664130713669561,-0.9848222886056971,-1.0874996816860605,0,1,1.5354724755822018,0.35701287315117003,-1.3062134690484484,-1.4515300523508257,-0.15536429188684994,0,0.8574558451667754,1,1,False,True,False,True,False,False,False,True,False,False,False,False,True,False
-1.6500194560663275,-3.707514742634213e-16,-1.522349564419645,0,0,1.6206945338170429,-0.6995590520204986,1.279005223150922,-0.8992742311256127,-0.15536429188684994,1,-0.8294286878170953,0,1,False,True,True,False,False,False,True,False,False,True,True,False,False,False
-0.6097488706542408,-1.0373141233766436,-0.8784146817132127,0,0,-1.357805208271197,1.0847227955044612,1.279005223150922,1.1102130156241607,0.18544621628407598,1,-1.251149821063063,1,1,True,False,False,False,True,False,False,True,False,False,False,False,True,False
-1.1744671884493736,1.090490038221907,-8.116272163407169e-17,0,1,0.06918887299346281,-0.6758917068471503,-0.1882810616108828,-0.9575757094515318,-1.5186063245705534,1,1.138603267330754,0,1,False,True,False,True,False,True,False,False,False,True,True,False,False,False
-0.9366910546408965,-0.2959709382569668,-0.9211653823126499,0,1,-1.3968167951971349,-1.36876007610542,-0.04853951068118712,0.27585743102816884,-1.5186063245705534,1,0.8574558451667754,0,1,False,False,False,False,False,True,False,False,False,True,False,False,False,False
-1.531131389162089,-0.016707738136084428,-1.3960269509449623,0,1,0.5040415088748826,-0.8865811341223356,0.1610728157133564,-2.6377884531073293e-16,-0.8369853082287018,0,0.7168821340847862,1,1,False,True,False,True,False,False,False,False,False,False,False,True,False,False
0.0738575140451305,0.3233135458994604,0.21573927688398473,1,0,0.3748295092204366,-0.05545695989920379,-1.3760842445132961,-2.6377884531073293e-16,-1.5186063245705534,1,-1.3917235321450523,1,1,False,False,False,False,False,False,False,False,True,False,False,False,False,False
1.7977344841565883,2.011589132267281,-8.116272163407169e-17,1,0,0.4584993449721754,0.9511860523855027,0.5802974685024435,-2.6377884531073293e-16,0.8670672326259278,0,0.4357347119208077,1,1,False,False,False,True,False,True,False,True,False,False,False,False,True,False
-0.49086080375000224,-1.2249971526242212,-0.8685210302630032,0,0,0.785383799676487,0.41628582164975575,-0.3280226125405785,-1.8099419095104217,-1.1777958163996276,1,-0.1265601324071492,0,1,False,True,True,False,False,False,True,True,False,False,True,False,False,False
0.28191163112754786,-0.07841520340540561,-8.116272163407169e-17,0,1,0.8860077661297663,-0.3064525732581594,1.4886175495454654,-2.6377884531073293e-16,-0.8369853082287018,0,-1.6728709543090308,0,0,False,False,False,True,False,False,True,True,False,False,False,False,True,False
-1.6500194560663275,1.004471722233228,-8.116272163407169e-17,0,1,0.3288967904813818,-1.5782885474404642,0.3706851421078999,-1.7079718610169599,-0.8369853082287018,0,-1.1105761099810738,0,1,False,False,False,False,False,False,True,True,False,False,True,False,False,False
0.25218961440148824,-3.707514742634213e-16,-0.3693986907266622,0,0,1.344123318400452,0.694456688660348,-1.0966011426539048,-0.32788791995884736,1.2078777407968537,1,0.014013578674840039,0,1,False,True,True,False,False,False,False,True,False,False,False,True,False,False
0.16302356422330935,-3.707514742634213e-16,-0.42031331314821596,1,0,0.6130703104839403,-1.6474536886849667,-1.445955019978144,-2.6377884531073293e-16,1.2078777407968537,1,-1.251149821063063,0,1,True,False,False,False,False,True,False,False,False,False,False,True,False,False
0.5791317983881441,1.5791363602264248,1.514635526370077,0,0,-1.3240200527866626,-1.2432422197075188,0.44055591757274776,-0.07339430302759019,-0.49617480005777587,1,1.7008981116587107,1,1,False,False,True,False,False,False,False,True,False,False,False,False,True,False
-1.1447451717233141,1.6156954209654346,-0.7929139705379994,0,1,-1.6394008319464306,1.6626371240000906,-0.1882810616108828,-2.6377884531073293e-16,-1.5186063245705534,0,1.7008981116587107,0,1,False,False,True,False,False,False,False,True,False,False,False,False,False,False
0.40079969803178633,-3.707514742634213e-16,-0.3349833384708524,0,1,0.5887913133094561,-0.7364088305079578,0.5104266930375956,-1.2427706140699797,0.18544621628407598,0,-0.1265601324071492,0,1,True,False,True,False,False,True,False,False,True,False,False,False,True,False
-0.9961350880930158,-3.707514742634213e-16,-0.7867684139735126,1,1,-0.6681365225887217,-0.017308099830908714,0.3706851421078999,-2.6377884531073293e-16,1.2078777407968537,1,1.2791769784127431,0,1,True,False,True,False,False,False,False,True,False,False,False,False,False,True
-1.6500194560663275,0.8196331779586183,-1.489182267776964,0,0,0.9100072128862055,1.2284371555537854,1.1392636722212262,-0.32812866258745366,-0.49617480005777587,1,1.7008981116587107,1,1,True,False,False,True,False,False,True,True,False,False,True,False,False,False
1.3221822165396344,-0.20708391709874427,1.0104798520102738,1,0,-1.3451927985751744,0.7573870733764712,-1.445955019978144,-0.27241375496004966,-0.15536429188684994,1,-1.5322972432270414,0,1,False,True,False,True,False,False,True,False,False,False,True,False,False,False
-0.04503055285910798,-1.069721686679486,-0.5451965289208267,0,1,1.1267593013892148,1.6181420088198502,1.3488759986157697,-0.41548796898083157,-1.5186063245705534,1,-1.251149821063063,0,1,False,True,True,False,False,False,True,True,False,False,False,False,True,False
0.5494097816620844,-3.707514742634213e-16,-8.116272163407169e-17,0,1,0.928190159066884,0.9343952568089675,-0.6075057143999699,-2.6377884531073293e-16,1.2078777407968537,0,-1.1105761099810738,0,1,False,True,False,True,False,False,False,False,False,False,True,False,False,False
-0.37197273684576376,-3.707514742634213e-16,-8.116272163407169e-17,1,1,0.20467555818242938,-1.267795936972286,-0.7472472653296656,-2.6377884531073293e-16,1.5486882489677798,1,-1.3917235321450523,0,1,True,False,True,False,False,True,False,False,False,False,True,False,False,False
-0.5800268539281811,-0.6112047439610642,-0.7266688041244136,1,0,0.008571169554297823,-0.7463930770755159,1.279005223150922,-1.1384756758712697,-0.8369853082287018,0,0.7168821340847862,0,1,False,False,False,False,False,True,False,False,False,False,False,False,True,False
-0.34225072011970414,-0.6711261238402955,-0.5746936153251908,1,1,1.1190279009573363,0.42266037512775134,0.021331264783660715,-0.8483193881639893,0.5262567244550019,0,-0.26713384348913843,0,1,False,False,False,False,False,False,False,False,True,False,True,False,False,False
-0.19364063648940608,-3.707514742634213e-16,-0.27032655341717454,1,0,-1.7095894554924118,0.9155925875706855,1.5584883250103132,0.25539577732559055,0.8670672326259278,1,0.4357347119208077,1,1,False,True,True,False,False,True,False,False,False,True,True,False,False,False
1.5599583503481114,-1.8676345992862766,-0.29329037199299496,0,0,1.144611162888191,0.27397102303045934,0.09120204024850856,-2.6377884531073293e-16,-0.8369853082287018,1,-0.9700023988990846,0,1,False,True,False,True,False,False,False,True,False,False,True,False,False,False
0.5791317983881441,-3.707514742634213e-16,-8.116272163407169e-17,1,0,1.3007914801230602,0.8918201964160788,1.209134447686074,-1.3860249552046673,1.5486882489677798,1,-1.251149821063063,0,1,False,True,True,False,False,False,True,True,False,False,False,False,True,False
-0.2530846699415253,-1.0504455718950296,-0.6638184138984019,1,1,1.309234245952279,0.05517609539168455,-1.7254381218375354,-2.6377884531073293e-16,0.18544621628407598,1,0.9980295562487647,0,1,True,False,False,False,False,True,False,False,True,False,False,False,True,False
-0.817802987736658,0.056263926997581044,-0.7363608277607384,0,0,0.06309556389945545,0.015787482582434138,-0.9568595917242091,-2.6377884531073293e-16,1.2078777407968537,0,0.7168821340847862,0,1,False,False,False,True,False,True,False,False,True,False,False,False,False,False
-1.531131389162089,-0.8953316279170328,-1.4394653557269512,0,0,-1.7081908446266163,1.531399919945092,0.7200390194321391,-2.6377884531073293e-16,-0.8369853082287018,1,-0.4077075545711276,0,1,True,False,False,True,False,True,False,False,False,False,False,False,False,False
-0.13419660303728684,-1.5557209353473094,-0.8116118370245995,1,0,0.8305782456841407,-1.438754972426159,-0.3280226125405785,-2.6377884531073293e-16,1.5486882489677798,1,-1.5322972432270414,0,1,False,True,True,False,False,True,False,False,True,False,False,False,False,True
-1.6500194560663275,-1.4371162439258949,-1.52637284728032,0,1,0.79676834117535,0.6696399720755786,-0.1882810616108828,-2.6377884531073293e-16,-1.5186063245705534,1,0.5763084230027969,0,0,False,False,False,True,False,False,True,True,False,False,False,False,True,False
-1.3825213055317909,0.22278847002677848,-1.2406469272438418,0,0,0.7897713876315928,0.3324936810936891,0.5802974685024435,-2.6377884531073293e-16,1.2078777407968537,1,1.138603267330754,0,1,False,True,False,False,False,False,False,False,True,False,False,False,True,False
0.25218961440148824,-0.5948084148033552,-0.10634611176074792,0,0,1.5030985524981573,-0.7214516225952387,0.789909794896987,-0.3533240260296567,-0.8369853082287018,0,0.4357347119208077,0,1,False,True,False,False,False,True,False,False,False,False,False,False,False,False
1.054684066005098,-3.707514742634213e-16,-8.116272163407169e-17,1,1,-1.3028446831987703,0.6501491076523795,0.8597805703618348,-0.7139496647496273,0.18544621628407598,0,0.9980295562487647,0,1,False,False,False,True,False,False,False,False,True,False,False,False,True,False
0.28191163112754786,-3.707514742634213e-16,-0.2599087709829605,1,0,-1.2995362670958621,0.2902067862331834,-1.515825795442992,1.8025737397578554,-0.8369853082287018,1,-1.251149821063063,1,1,False,True,False,False,False,False,False,False,False,False,True,False,False,False
-0.015308536133048362,-0.02404626430997362,-0.03601448258008556,1,0,-0.605112986942004,-0.4978785143320572,-0.39789338800542634,-0.1321757623333194,0.18544621628407598,0,0.15458728975682928,0,0,False,True,False,False,True,True,False,True,False,False,False,True,False,False
0.13330154749724973,-0.3510889949231057,-0.0697210229838756,1,0,-1.5166794385333493,0.8572836897283607,-0.1882810616108828,-1.880452374472347,-1.5186063245705534,0,-0.8294286878170953,1,1,False,False,True,False,False,False,False,False,False,False,True,False,False,False
1.589680367074171,1.14345195691522,-8.116272163407169e-17,1,1,-0.8296259934650743,1.0054178802404108,0.5802974685024435,-0.3826141474675764,0.5262567244550019,0,0.15458728975682928,1,1,True,False,False,False,False,False,True,False,True,False,False,False,False,False
-1.293355255353612,-3.707514742634213e-16,-1.3000150989294785,0,0,1.3109759229006794,1.1339666826033028,-1.0966011426539048,0.03179294824138469,-1.1777958163996276,0,1.138603267330754,0,1,False,False,False,False,False,True,False,True,False,False,False,False,False,False
-0.2828066866675849,-3.707514742634213e-16,-0.2775064386327319,0,0,0.5472855532471499,-0.12506183065938775,1.1392636722212262,-1.5393964148994048,-0.8369853082287018,0,-0.6888549767351061,0,1,False,True,True,False,False,True,False,True,False,False,True,False,False,False
-1.5608534058881487,-0.906701935555538,-1.4594285635425444,1,1,0.46228379858013197,-0.5650294330200066,0.021331264783660715,-2.6377884531073293e-16,-0.49617480005777587,0,0.8574558451667754,0,1,False,True,True,False,False,False,False,True,False,False,False,False,False,False
1.738290450704469,-0.8165387430542617,0.780270244554051,0,1,-0.9700532561660942,-0.5999383698887456,0.7200390194321391,2.061858510521921,0.18544621628407598,1,0.15458728975682928,1,1,False,False,True,False,False,True,False,False,True,False,True,False,False,False
0.816907932196621,-3.707514742634213e-16,0.5776497403074299,0,0,-0.2618239603462067,-0.2710368062908738,-0.3280226125405785,-0.7079753155472391,0.18544621628407598,1,0.4357347119208077,1,1,False,True,False,False,False,False,False,False,True,False,True,False,False,False
-0.5503048372021215,1.207477953056198,-0.12039123856256131,1,0,1.00677466136525,-0.39102710205759594,-0.9568595917242091,-1.1608811238215444,-1.5186063245705534,0,-0.4077075545711276,0,1,True,False,False,False,False,False,False,True,False,False,True,False,False,False
-1.2636332386275524,-0.7974654419310171,-8.116272163407169e-17,1,0,-0.35919866226469405,-1.580579964803767,-0.537634938935122,-0.45934139468530305,-1.1777958163996276,0,1.138603267330754,1,1,False,True,True,False,False,False,False,False,False,False,False,False,True,False
1.1438501161832768,-0.26918032797963054,0.8103650396410755,0,1,1.4095360073226877,-0.13022243302677272,-1.6555673463726874,0.6841763249718008,0.5262567244550019,0,-1.6728709543090308,0,1,True,False,False,False,True,False,True,False,True,False,True,False,False,False
1.3221822165396344,0.6399420860151853,1.722375806360213,1,0,-1.0695775967033185,-0.6541996680906234,1.209134447686074,-0.154797587318354,0.5262567244550019,1,0.014013578674840039,1,1,False,False,False,False,True,False,False,True,False,False,True,False,False,False
0.0738575140451305,1.3556834889015486,0.7261340429546407,0,0,-1.6199671864076315,0.5621316765314975,1.0693928967563784,0.5239274775736927,1.2078777407968537,0,0.15458728975682928,0,1,False,True,False,True,False,True,False,True,False,False,False,False,True,False
-1.3825213055317909,-3.707514742634213e-16,-1.241180074428916,1,0,-1.7293532499698172,0.7649117748534457,1.4886175495454654,-0.43851542274289806,1.2078777407968537,1,-0.5482812656531169,1,1,False,False,True,False,False,True,False,True,False,False,False,False,False,True
0.9357959991008594,-0.9636314806117965,0.12851216626806075,0,1,-1.7092437521905754,-0.17234730133711584,-0.537634938935122,-1.9337946865529174,0.8670672326259278,0,-0.26713384348913843,1,1,True,False,True,False,False,False,False,False,False,True,False,False,True,False
-1.6500194560663275,-0.3346460600275729,-1.5082044566620512,1,1,1.3908401801779642,-0.7529580548943378,-0.1882810616108828,-2.6377884531073293e-16,1.5486882489677798,0,0.9980295562487647,0,1,False,True,True,False,False,False,False,True,False,False,True,False,False,False
-0.4611387870239426,-3.707514742634213e-16,0.021588973357463067,1,1,-1.5729249432958496,0.6367408596291869,-1.5856965709078397,1.6511357757775509,-0.15536429188684994,0,1.7008981116587107,0,1,False,True,True,False,False,False,True,True,False,False,False,False,False,False
-0.431416770297883,-0.9160472496862938,-0.7254990907630068,0,0,1.268398220551252,0.4882672423420414,0.8597805703618348,-2.6377884531073293e-16,1.2078777407968537,1,-1.251149821063063,0,1,True,False,True,False,False,True,False,True,False,False,True,False,False,False
1.441070283443873,-0.6805065630355643,0.697644098722128,1,1,0.9529927729824067,1.7099070157323104,1.4886175495454654,-2.6377884531073293e-16,0.5262567244550019,1,1.138603267330754,0,1,False,False,False,True,False,False,False,True,False,False,False,False,False,True
-1.5014093724360293,0.16249425446951055,-1.3589562674613267,0,0,0.8884979158376625,0.04087503962804465,0.30081436664305206,-2.6377884531073293e-16,1.2078777407968537,1,-0.8294286878170953,0,1,True,False,True,False,False,False,False,True,False,False,True,False,False,False
1.3221822165396344,-0.9442196885189453,0.39094282297991484,1,0,0.3238490950109611,-1.4387561580830768,-0.6075057143999699,-1.8688647369161586,0.8670672326259278,0,-1.6728709543090308,0,1,True,False,True,False,False,True,False,True,False,False,True,False,False,False
-0.19364063648940608,-3.707514742634213e-16,-0.16096238489733328,0,1,0.25575134306976555,1.5403306666443828,-0.46776416347027416,-2.6377884531073293e-16,-1.1777958163996276,0,-0.8294286878170953,0,1,False,False,False,False,True,False,False,False,False,False,False,False,True,False
-0.37197273684576376,0.8762883289302001,-0.022264559661797217,0,0,1.445373249952608,-0.8525107071397505,0.3706851421078999,-2.6377884531073293e-16,-1.5186063245705534,1,-0.6888549767351061,0,1,True,False,True,False,False,True,False,False,False,True,True,False,False,False
-0.7583589542845388,0.39586096303799473,-8.116272163407169e-17,0,0,1.026085957776714,1.3503967511493116,-1.3760842445132961,1.406137496783021,0.5262567244550019,0,1.2791769784127431,0,1,True,False,False,False,False,False,False,True,False,False,False,False,False,False
-0.66919290410636,0.29935924341341164,-8.116272163407169e-17,0,0,0.3635824740907117,-1.163514766769378,-1.445955019978144,-0.33196200094444067,0.5262567244550019,1,-1.5322972432270414,1,1,True,False,False,False,True,True,False,False,True,False,True,False,False,False
-1.1447451717233141,-3.707514742634213e-16,-1.1812427755667538,1,1,1.6365286781628923,-0.6876695734156899,-1.3062134690484484,-2.6377884531073293e-16,0.5262567244550019,1,0.5763084230027969,1,1,True,False,True,False,False,False,False,False,True,False,False,False,False,True
1.827456500882648,1.6750387769425776,-8.116272163407169e-17,1,0,0.7081718855594688,0.6442099979624757,-1.5856965709078397,-2.6377884531073293e-16,0.8670672326259278,0,0.7168821340847862,0,1,False,False,True,False,False,False,False,False,False,False,True,False,False,False
-0.6097488706542408,0.8173812112681553,-8.116272163407169e-17,1,1,1.5226174905030818,-0.40544177147518135,-0.3280226125405785,1.281661567403752,1.5486882489677798,1,1.2791769784127431,1,1,False,False,True,False,False,False,True,False,False,False,False,False,True,False
-1.6797414727923872,-0.19717824791835956,-1.5311864692705932,0,1,-1.655759460581798,-0.2935321408391495,1.3488759986157697,0.031411944733363985,1.2078777407968537,1,-1.1105761099810738,0,1,False,True,True,False,False,False,False,True,False,False,False,False,False,True
-0.9366910546408965,1.214341365393227,-0.5976017379096151,1,0,-1.702990416832447,0.839578458889567,-0.25815183707573064,-2.6377884531073293e-16,-1.5186063245705534,0,0.9980295562487647,0,1,False,False,False,False,False,False,True,True,False,False,False,False,False,True
-1.0555791215451351,-3.707514742634213e-16,-8.116272163407169e-17,0,1,0.6301786725813047,1.4564870165309458,-1.445955019978144,-1.4940662767913397,0.8670672326259278,1,1.7008981116587107,0,1,False,True,False,True,False,False,True,True,False,False,False,False,False,True
0.19274558094936897,-3.707514742634213e-16,1.2203655571342495,0,0,-1.1678786256749185,-0.05730486800080137,-1.0966011426539048,1.3570809142445117,1.5486882489677798,1,-0.6888549767351061,0,1,True,False,False,True,False,False,True,True,False,False,False,False,False,False
1.589680367074171,-3.707514742634213e-16,1.187843526790109,0,1,1.522396868488711,1.037706302435968,-0.8171180407945134,1.3262147343978814,0.8670672326259278,1,0.4357347119208077,1,1,True,False,False,False,False,True,False,True,False,False,True,False,False,False
-1.3230772720796717,1.608564444463667,-1.0347893877595133,0,1,-0.22810824698286206,-0.4186838530556373,-0.25815183707573064,1.1739683183492187,-1.5186063245705534,1,-1.3917235321450523,0,1,False,True,True,False,False,False,True,False,True,False,False,False,True,False
-0.6394708873803003,0.6347323684048151,-0.4007523360117538,1,1,0.8796897483485264,-1.6986289518355357,-1.7254381218375354,0.9073039247745304,0.18544621628407598,0,0.8574558451667754,0,1,False,True,False,True,False,False,False,False,False,False,True,False,False,False
0.3710776813057267,1.206122424765877,1.0202967235693547,1,0,-1.5186607602022022,1.6215857714009465,-0.3280226125405785,-2.6377884531073293e-16,1.2078777407968537,1,-0.26713384348913843,1,1,False,True,False,True,False,False,True,False,False,False,False,False,False,False
-1.1447451717233141,-1.6408361722022013,-1.302747632836088,0,0,-1.3048626176211415,1.1487060671494376,0.30081436664305206,1.6861749015623604,0.5262567244550019,1,0.15458728975682928,0,1,False,False,True,False,False,True,False,False,False,True,True,False,False,False
-0.49086080375000224,0.9640335155366004,-0.12899185375987693,1,0,-0.6096581410780855,-0.8971259193142002,-0.8869888162593612,-1.3471263243357219,0.8670672326259278,1,-0.9700023988990846,1,1,True,False,False,False,False,False,False,True,False,False,False,False,True,False
-1.3527992888057314,0.3812712413357456,-1.1962685174229766,1,0,1.292917641644007,0.5929071785287788,1.0693928967563784,1.051060476864595,0.8670672326259278,0,0.014013578674840039,1,1,False,False,True,False,False,False,True,True,False,False,False,False,False,False
1.589680367074171,1.4931395900566395,2.7920374522657982,1,0,1.6224522110900657,-0.7906702170463132,-0.25815183707573064,2.0631462066683666,-0.15536429188684994,1,-0.4077075545711276,0,1,False,True,True,False,False,True,False,True,False,False,False,False,False,False
0.7277418820184421,0.49922780925561233,0.9843957817151052,0,1,-0.5857576973873723,1.2537674458059302,-1.6555673463726874,1.2279175222124574,-0.49617480005777587,1,0.4357347119208077,0,1,True,False,False,True,False,True,False,False,False,False,False,False,False,False
-1.1150231549972545,-1.6023081338579839,-8.116272163407169e-17,1,0,0.17767186508218408,1.4787034003452766,0.7200390194321391,-2.6377884531073293e-16,0.5262567244550019,1,1.138603267330754,1,1,False,True,False,False,False,True,False,False,True,False,False,False,False,True
1.7977344841565883,-0.26883497450208205,1.3530922542217838,1,0,-0.21801599802927346,-0.17409763266472744,-0.25815183707573064,-1.8785828998377025,0.18544621628407598,0,1.2791769784127431,1,1,True,False,True,False,False,True,False,False,False,False,False,False,False,False
1.3816262499917538,0.257785560328276,-8.116272163407169e-17,0,0,0.3735976303184575,-0.24579344055380914,0.30081436664305206,0.8181028951554448,1.2078777407968537,1,-0.1265601324071492,1,1,False,True,True,False,False,False,True,False,True,False,False,False,True,False
1.2330161663614556,1.4624828152886111,-8.116272163407169e-17,1,0,-1.0878071138248595,1.5643665481921258,-0.537634938935122,1.540958559701088,1.5486882489677798,1,0.2951610008388185,0,1,False,True,False,True,False,False,False,True,False,False,False,False,False,False
-1.3825213055317909,1.6129427866028132,-1.1146455454681017,0,0,0.7157156999517934,-1.474393662060242,0.8597805703618348,0.648359521692917,1.2078777407968537,1,0.7168821340847862,1,1,False,True,False,True,False,True,False,False,False,False,False,False,False,False
1.0844060827311575,-0.23135848099524267,-8.116272163407169e-17,1,1,0.9201880567882696,0.7051159926818676,0.8597805703618348,-2.6377884531073293e-16,-1.1777958163996276,1,-0.8294286878170953,0,1,True,False,False,True,False,False,True,False,True,False,False,False,False,False
-0.5503048372021215,-1.2719419007580353,-0.9171636563927583,1,1,0.8088988276964912,-0.19360432497736943,0.09120204024850856,1.9834671504443033,-1.5186063245705534,1,-1.1105761099810738,1,1,True,False,False,True,False,False,False,False,True,False,False,False,True,False
0.5494097816620844,1.5608783284623449,1.463317798012165,0,1,1.6687531898906829,-0.9534888658972053,-0.6075057143999699,0.3099830500160042,0.5262567244550019,1,1.2791769784127431,0,1,True,False,True,False,False,True,False,True,False,False,True,False,False,False
0.7574638987445017,-0.916806334650038,0.046944389127573614,0,0,-0.7680584005887618,-0.6076390899243649,1.5584883250103132,-2.6377884531073293e-16,1.2078777407968537,1,-0.9700023988990846,1,1,True,False,True,False,False,False,False,True,False,False,False,True,False,False
-0.8772470211887773,-3.707514742634213e-16,-1.1989570640639229,0,1,-0.46550415805762235,-0.021110887692939704,0.23094359117820426,-1.0074139309133043,0.5262567244550019,0,-0.6888549767351061,0,1,True,False,False,True,False,False,True,False,False,False,False,True,False,False
0.9952400325529787,0.998584912437904,-8.116272163407169e-17,1,1,-0.9285314911883318,0.6773790008733682,-0.04853951068118712,-2.6377884531073293e-16,1.2078777407968537,1,-1.6728709543090308,1,1,False,False,True,False,False,False,False,True,False,False,False,False,False,False
-1.1447451717233141,1.9057084038068863,-0.7475103326717908,1,1,-0.9419064551621772,-1.445201561170114,1.279005223150922,0.9056278229507747,-1.1777958163996276,1,0.8574558451667754,1,0,True,False,False,True,False,True,False,True,False,False,False,False,True,False
-0.37197273684576376,0.9446093168144576,0.0030684192271702624,1,1,0.3116594149596198,0.980694835853607,-0.9568595917242091,-1.3739110592338606,0.18544621628407598,1,1.4197506894947323,0,1,True,False,False,True,False,False,True,False,True,False,False,False,False,False
-1.2041892051754333,0.7718847586433756,-0.9914834193380688,0,1,0.06692686516915258,0.9482582182382874,-1.0267303671890569,-2.6377884531073293e-16,1.2078777407968537,0,1.7008981116587107,0,1,False,True,False,False,False,False,True,False,True,False,False,True,False,False
-1.0258571048190757,1.5604067941967144,-0.6426510474190955,1,0,-1.6477555667575974,-0.029476973443772526,0.23094359117820426,1.927524743497554,-0.49617480005777587,1,-1.251149821063063,0,1,True,False,False,False,True,False,False,True,False,False,False,False,False,False
1.441070283443873,0.5059498121346401,1.7339244164070104,0,0,-0.5074983788418216,-0.616487788577826,0.7200390194321391,-2.6377884531073293e-16,-0.49617480005777587,1,0.15458728975682928,0,1,False,True,True,False,False,False,True,False,False,False,False,False,True,False
-0.37197273684576376,0.1825687154776504,-0.27949128993431716,1,1,-0.19033274640722087,-1.0425667160241736,-1.515825795442992,-0.026828372143664878,-0.49617480005777587,0,-0.8294286878170953,1,1,True,False,False,True,False,False,False,False,True,False,False,False,False,True
0.9060739823747999,-3.707514742634213e-16,0.6973295718101209,1,1,-1.246310731847008,-1.1708842042331247,0.789909794896987,-1.8870475161534737,-0.8369853082287018,1,1.2791769784127431,1,1,False,True,False,False,False,False,True,False,True,False,True,False,False,False
-1.4419653389839102,-1.7242401620422911,-1.4424518586359938,1,0,0.36303826225655245,-1.5731504559017682,-1.6555673463726874,-0.2063858788352735,-0.8369853082287018,1,-1.5322972432270414,0,1,False,True,True,False,False,False,False,True,False,False,False,False,True,False
-1.5014093724360293,-0.8515728808128167,-1.4174466360319664,0,0,1.4365503807735032,-1.1407537010205888,-0.8171180407945134,-2.6377884531073293e-16,1.5486882489677798,0,0.9980295562487647,0,0,True,False,False,False,True,True,False,True,False,False,False,True,False,False
-0.5205828204760619,-1.542898687034577,-8.116272163407169e-17,1,0,-0.4487082206933257,0.4056606153874318,-0.3280226125405785,1.1313013065014592,0.5262567244550019,1,-1.1105761099810738,0,0,True,False,False,True,False,True,False,True,False,False,True,False,False,False
1.3816262499917538,-3.707514742634213e-16,0.280012699958714,0,0,0.2704998049249805,-1.4884125559873511,-1.0267303671890569,-2.6377884531073293e-16,0.5262567244550019,1,-0.26713384348913843,1,1,True,False,True,False,False,False,True,True,False,False,False,False,True,False
1.1735721329093363,-0.46311441518691987,-8.116272163407169e-17,0,0,1.4613497458192712,-0.6520913420553824,-0.3280226125405785,0.2320325272897557,1.5486882489677798,1,0.7168821340847862,1,1,False,False,True,False,False,False,True,False,True,False,False,False,True,False
-0.8772470211887773,1.1927126179628038,-0.5288355141059143,1,1,-1.0563940404038197,0.8387244218434394,-0.8171180407945134,-2.6377884531073293e-16,0.5262567244550019,0,0.014013578674840039,0,1,False,True,True,False,False,False,False,True,False,False,False,False,False,False
-1.3230772720796717,-1.1000329262026785,-1.3249292596109004,0,0,-0.10799511490203882,0.2895700556538903,-0.25815183707573064,-2.6377884531073293e-16,1.2078777407968537,0,1.7008981116587107,1,1,True,False,False,True,False,False,True,True,False,False,False,False,True,False
-0.9366910546408965,1.9498785313055251,-0.44002301368067936,1,1,-1.671410925707149,1.4696395118136827,1.3488759986157697,-1.204492509892675,-0.15536429188684994,1,0.5763084230027969,1,1,True,False,True,False,False,False,False,True,False,False,False,True,False,False
-1.293355255353612,-3.707514742634213e-16,-0.9715925943654193,0,0,0.9206715185442186,0.41910588063983995,1.5584883250103132,-1.248818878937932,-0.15536429188684994,1,-0.26713384348913843,0,1,True,False,True,False,False,False,True,True,False,False,False,False,False,True
0.9060739823747999,-0.617115292815402,-8.116272163407169e-17,1,0,1.624283170509924,0.4469083788779458,-0.6075057143999699,-0.7258450380246921,0.18544621628407598,1,-0.26713384348913843,0,1,False,False,True,False,False,False,False,False,True,False,True,False,False,False
-0.015308536133048362,0.9471867638803988,-8.116272163407169e-17,1,0,0.8166893730880371,0.6895147773496969,1.0693928967563784,-2.6377884531073293e-16,-1.5186063245705534,1,0.2951610008388185,0,1,False,False,True,False,False,True,False,True,False,False,False,False,False,True
0.13330154749724973,-1.8187347724710545,-0.819498774002222,0,1,1.4133958850944774,0.6765558592566726,1.1392636722212262,-2.6377884531073293e-16,-1.5186063245705534,0,0.15458728975682928,1,1,False,True,False,False,False,False,False,True,False,False,False,False,False,False
-0.3125287033936445,1.4281270125244334,0.25963308952173225,1,0,-0.5932796588068326,0.04624866811038254,0.09120204024850856,-2.6377884531073293e-16,0.5262567244550019,1,1.5603244005767216,0,1,True,False,False,True,False,True,False,False,False,True,False,True,False,False
0.13330154749724973,-1.484217193591934,-0.6486034245895501,0,0,1.191558464157034,-0.8226869330942769,0.30081436664305206,-0.9499525996741924,-1.5186063245705534,1,0.4357347119208077,1,1,False,False,False,True,False,False,True,True,False,False,True,False,False,False
1.1735721329093363,0.3069154673314444,1.295472983058872,1,1,0.24122827420894874,-0.6848960576293839,-0.3280226125405785,-2.6377884531073293e-16,0.8670672326259278,1,-1.251149821063063,0,1,False,True,False,False,True,False,True,False,True,False,False,False,False,False
0.5196877649360249,0.41816451606176913,0.717399447600924,1,0,-0.3295063257657271,-1.3445145274051125,-0.8171180407945134,1.0987901921825425,-0.15536429188684994,1,-1.3917235321450523,0,1,False,True,True,False,False,False,False,True,False,False,False,False,False,False
-1.1744671884493736,-3.707514742634213e-16,-1.2072695069331052,1,1,-0.6284607587873938,0.5503225236338941,0.09120204024850856,-1.8329729528706484,-0.8369853082287018,0,-1.1105761099810738,1,1,False,False,True,False,False,False,False,False,False,True,True,False,False,False
-1.531131389162089,-3.707514742634213e-16,-1.3468503512159757,0,0,-0.6839702759433123,1.4921396918202645,-0.7472472653296656,-0.4007827153304602,-1.5186063245705534,1,1.2791769784127431,1,1,False,False,False,False,False,True,False,False,True,False,False,False,True,False
0.5494097816620844,-0.06121750570858414,0.4475142830468295,1,1,1.4382936923041196,-0.8172542022867656,1.5584883250103132,-1.2061633618478007,1.2078777407968537,1,-0.6888549767351061,1,1,False,False,True,False,False,False,False,True,False,False,False,False,True,False
-0.7286369375584792,-0.42579183339569,-0.7854318273827652,1,1,-0.8507335681452225,-0.30693060466285793,0.6501682439672912,-2.6377884531073293e-16,1.2078777407968537,1,-0.8294286878170953,0,1,True,False,True,False,False,True,False,True,False,False,False,True,False,False
-0.7583589542845388,-1.8736871311896461,-1.190569876603635,1,0,0.8936944539170341,0.5721770710986214,0.44055591757274776,-1.002554671476249,-0.8369853082287018,1,0.4357347119208077,0,1,True,False,True,False,False,False,True,False,False,False,False,True,False,False
-0.7880809710105985,-0.7451574192806597,-0.913736543797632,1,0,1.182962162420586,0.8636936835771089,-0.6773764898648177,0.5514512512977585,-0.15536429188684994,1,1.5603244005767216,1,1,False,False,True,False,False,False,False,True,False,False,True,False,False,False
0.5196877649360249,-1.8534162842493296,-0.6864129152109505,0,1,-0.6841659759518819,1.011592423746251,-1.7254381218375354,-2.6377884531073293e-16,-0.49617480005777587,0,0.8574558451667754,0,1,False,False,True,False,False,False,True,False,False,False,False,False,False,False
-0.13419660303728684,1.8563042763541273,0.6784617317669889,0,1,-0.20697785869613824,0.8301262287820508,1.1392636722212262,1.836891633689652,0.5262567244550019,1,-0.5482812656531169,1,0,False,True,False,False,False,False,True,False,False,False,False,False,False,True
1.4707923001699326,0.6435596095554995,-8.116272163407169e-17,1,1,0.1815574278072087,-1.1637271716956314,1.5584883250103132,-2.6377884531073293e-16,-1.5186063245705534,1,-0.26713384348913843,0,1,True,False,True,False,False,False,False,False,True,False,True,False,False,False
1.7085684339784095,-1.7577283683728444,-0.13172943505385432,0,1,-1.3172574384706288,-0.8113143546446004,-1.7254381218375354,-1.135390154716188,-0.15536429188684994,1,1.4197506894947323,0,1,False,True,False,True,False,True,False,False,True,False,False,False,True,False
-1.531131389162089,0.38007522152086876,-8.116272163407169e-17,1,1,-1.2353219744167323,-0.9044009578957656,-0.1882810616108828,0.9149148410077869,-1.1777958163996276,0,-0.6888549767351061,0,1,True,False,False,True,False,False,False,True,False,False,False,False,False,False
0.2224675976754286,1.5742519939932795,1.033411281479756,1,0,0.8936328989854903,1.0158772323259004,0.3706851421078999,-2.6377884531073293e-16,1.5486882489677798,1,0.5763084230027969,0,1,False,True,True,False,False,True,False,True,False,False,False,False,True,False
-0.2530846699415253,-3.707514742634213e-16,-0.40076798286446635,1,1,-0.9023992505246574,0.968825123947463,-0.8171180407945134,-0.4309922933850656,0.18544621628407598,1,0.014013578674840039,0,1,False,True,False,False,False,False,True,True,False,False,False,True,False,False
1.054684066005098,-3.707514742634213e-16,0.6509202103485735,0,0,-1.5322291843603906,0.48707726791074385,1.4886175495454654,-0.6504255064048025,-1.1777958163996276,0,0.8574558451667754,0,1,False,True,True,False,False,False,True,False,False,True,False,False,True,False
-0.9069690379148369,0.9969704756288782,-8.116272163407169e-17,0,0,-0.20931221740513595,0.8735206136840371,-0.9568595917242091,-0.22788994145306132,-1.5186063245705534,1,-0.5482812656531169,1,1,True,False,True,False,False,False,False,False,True,False,True,False,False,False
-0.2233626532154657,-1.770498484919006,-0.9422583786898083,0,1,-0.01037256530480003,1.733597499573143,-1.0267303671890569,-0.9377064276212276,-1.5186063245705534,0,0.9980295562487647,0,1,False,False,True,False,False,False,False,False,True,False,False,True,False,False
1.4707923001699326,0.24499252652640682,1.534888740309329,0,1,0.5768637485114392,-1.588902213740782,0.23094359117820426,1.4458558756221678,0.8670672326259278,1,-0.4077075545711276,1,1,False,True,False,True,False,False,True,False,False,False,False,True,False,False
1.0844060827311575,-3.707514742634213e-16,-8.116272163407169e-17,1,0,-1.1209367044343264,1.283507905545618,-1.1664719181187526,-1.6609378591184052,-1.1777958163996276,1,-0.6888549767351061,1,1,False,True,True,False,False,False,True,False,False,False,False,True,False,False
1.0844060827311575,-3.707514742634213e-16,-8.116272163407169e-17,1,0,1.5308696613532824,1.7111014071328015,-1.5856965709078397,-2.6377884531073293e-16,0.18544621628407598,1,0.5763084230027969,1,0,False,True,False,False,False,False,True,False,False,True,False,False,True,False
-0.3125287033936445,0.20493104201310672,-0.21407795428578863,0,0,0.07887439374256547,-1.0120973279432972,1.4886175495454654,0.25607907752544706,-1.1777958163996276,1,-0.5482812656531169,0,1,False,False,True,False,False,False,False,True,False,False,False,False,False,True
-0.6394708873803003,-3.707514742634213e-16,-0.9993618533663827,1,0,-1.7003735073763728,-0.22435848329661257,-0.7472472653296656,-2.6377884531073293e-16,0.5262567244550019,0,0.014013578674840039,1,1,False,True,True,False,False,False,False,False,True,False,False,False,False,False
1.2330161663614556,-0.6704825071784336,-8.116272163407169e-17,1,0,-1.361293315738418,0.5328331178422165,0.23094359117820426,0.3385122618994103,1.2078777407968537,1,1.138603267330754,0,1,False,True,True,False,False,False,True,False,True,False,False,False,False,True
0.9655180158269191,0.6251726014692637,1.3256806285555178,0,0,1.6688137992454524,-0.38478972781596116,-0.39789338800542634,0.5754809887398165,-0.8369853082287018,0,1.5603244005767216,0,1,False,True,False,True,False,False,False,False,True,False,False,False,False,False
-1.4419653389839102,-1.6086986679819033,-8.116272163407169e-17,1,1,-0.9156091212958363,1.4157370393280202,0.7200390194321391,-2.6377884531073293e-16,1.5486882489677798,1,0.15458728975682928,0,1,False,False,False,True,False,True,False,True,False,False,False,False,False,False
0.5196877649360249,-1.4066014980601316,-0.4102862105594416,1,1,-0.2525415629012627,1.7271903170702265,0.6501682439672912,-1.7430499608914296,0.5262567244550019,0,-1.3917235321450523,1,1,True,False,True,False,False,False,True,False,True,False,False,False,True,False
1.0844060827311575,-1.279960131925548,-0.021839173288543814,0,1,-0.06758852775488938,0.5199619991572443,-0.46776416347027416,-2.6377884531073293e-16,-0.15536429188684994,0,-0.1265601324071492,0,1,False,True,False,True,False,False,True,False,False,False,False,True,False,False
-0.7583589542845388,-3.707514742634213e-16,-0.22336775788264113,0,1,-1.6745148378204555,1.1734955708774029,-0.11841028614603497,1.771683291730153,1.2078777407968537,1,0.2951610008388185,1,1,False,True,True,False,False,False,False,True,False,False,False,True,False,False
-0.817802987736658,-0.04194045642224362,-8.116272163407169e-17,1,1,-1.3690437119955703,-0.4403446537938357,1.1392636722212262,-0.234006032700234,0.5262567244550019,1,-0.4077075545711276,1,1,True,False,True,False,False,False,False,True,False,False,False,True,False,False
1.6491244005262902,-3.707514742634213e-16,0.6572263204840536,1,0,0.5302069167337788,0.09096568560431033,-1.5856965709078397,-0.10587085728722836,1.5486882489677798,1,0.4357347119208077,1,1,True,False,False,True,False,False,True,False,True,False,False,False,False,False
0.9357959991008594,1.5255214033079618,1.9539253739034264,0,0,-0.9283660516556389,1.44577098069636,0.3706851421078999,0.2193293452063844,1.5486882489677798,1,0.7168821340847862,1,1,False,True,False,False,True,True,False,False,False,True,False,False,False,True
0.19274558094936897,-0.44879499903591563,-0.07328787915014236,0,0,1.3551234038980107,1.5932930827573677,1.5584883250103132,0.6675022870325328,-1.1777958163996276,1,-0.8294286878170953,0,1,True,False,False,False,False,False,True,False,True,False,True,False,False,False
-0.817802987736658,1.1703380253349334,-8.116272163407169e-17,0,0,1.6142937295386801,-1.2938181210014652,-1.0966011426539048,1.8610404909356686,0.8670672326259278,0,-0.5482812656531169,0,1,False,True,True,False,False,False,False,False,True,False,True,False,False,False
0.5196877649360249,-3.707514742634213e-16,-0.5974824517974768,0,0,-0.4934046992937971,0.8869657071346536,-1.2363426935836004,-0.8740334186586944,1.2078777407968537,0,0.5763084230027969,1,1,False,True,False,True,False,False,True,True,False,False,False,False,False,True
-1.5014093724360293,-3.707514742634213e-16,-8.116272163407169e-17,1,1,0.41349843896580174,1.189696678279687,-0.9568595917242091,-2.6377884531073293e-16,0.18544621628407598,1,-0.5482812656531169,1,1,True,False,True,False,False,True,False,True,False,False,False,False,False,False
-0.9664130713669561,0.6222621103123823,-0.7564460901410129,1,1,-0.5761637340178279,0.6424393796645087,-0.04853951068118712,-2.6377884531073293e-16,-1.5186063245705534,1,-0.9700023988990846,0,1,False,True,False,False,False,False,True,False,True,False,False,True,False,False
-1.1447451717233141,-0.3283638707912514,-1.0972705659170876,0,1,0.736308762943393,1.204939480015678,0.8597805703618348,2.00101387939477,0.5262567244550019,0,0.7168821340847862,0,1,False,False,True,False,False,True,False,True,False,False,False,True,False,False
0.13330154749724973,1.3915246342389875,0.8205298452808178,1,0,0.12087138266470032,0.2536760727410138,-0.7472472653296656,-1.8262517551987243,0.8670672326259278,0,1.7008981116587107,0,1,True,False,True,False,False,False,False,False,True,False,True,False,False,False
0.3413556645796671,1.8070926052703125,1.3251679110882542,1,1,-0.8653607373741172,-1.6389131390929375,-0.9568595917242091,1.4649870229182307,-1.5186063245705534,1,0.8574558451667754,1,0,False,False,True,False,False,False,False,False,False,True,False,False,False,True
0.014413480593011258,-3.707514742634213e-16,0.7587583820505182,1,0,-1.318176933966007,1.74823595944191,-1.445955019978144,-1.3851710549061607,1.2078777407968537,1,0.7168821340847862,1,1,True,False,True,False,False,False,True,False,False,False,False,False,False,True
-0.07475256958516761,-3.707514742634213e-16,0.3690003906969204,0,1,-0.37955717516742704,1.163899106790053,-1.445955019978144,-1.2981548719815863,-1.5186063245705534,1,1.5603244005767216,0,1,True,False,True,False,False,False,False,False,False,False,True,False,False,False
1.589680367074171,-1.3376735515740124,0.202907839512846,1,0,-1.4214586904975544,-0.38773631114410345,1.4187467740806174,-1.7990228030899578,0.5262567244550019,1,1.138603267330754,1,1,False,True,False,True,False,True,False,True,False,False,True,False,False,False
-0.4611387870239426,-0.9229409991056663,-0.7472089034076862,1,1,0.7459593601335062,0.8437347067616685,0.30081436664305206,1.8396165705495413,1.5486882489677798,1,0.7168821340847862,0,1,True,False,False,True,False,False,True,True,False,False,False,False,True,False
-0.8475250044627176,-3.707514742634213e-16,-8.116272163407169e-17,0,0,1.1571977855859095,-0.9044779057794192,1.628359100475161,-1.3862271505845924,0.18544621628407598,0,0.014013578674840039,0,1,False,False,True,False,False,False,True,False,False,True,False,True,False,False
-1.3527992888057314,1.054422986695767,-1.129708437883275,0,1,0.1493071006822026,-0.40455478755786606,1.3488759986157697,-1.758903279442177,1.5486882489677798,1,-1.1105761099810738,0,1,False,True,True,False,False,False,True,False,False,False,False,False,False,True
-1.0853011382711948,1.1493443736393703,-0.7932394231670483,0,1,1.0821859051682803,0.12093490945948193,1.3488759986157697,0.2526529045041892,1.2078777407968537,1,1.4197506894947323,1,1,True,False,True,False,False,False,False,False,True,False,True,False,False,False
-0.2233626532154657,-1.3349850360286952,-0.7628299783912657,0,0,-0.673448905209203,-1.6718110117909069,1.3488759986157697,1.7097808968820318,-0.15536429188684994,1,-1.3917235321450523,0,0,True,False,True,False,False,True,False,False,True,False,True,False,False,False
-0.2828066866675849,1.6256439679964145,-8.116272163407169e-17,0,1,0.8742741552788346,-0.5420496180572459,-0.46776416347027416,-0.08143351735665955,0.8670672326259278,1,-0.1265601324071492,0,1,True,False,False,False,False,False,False,False,False,False,True,False,False,False
0.5196877649360249,-3.707514742634213e-16,0.6005892669384522,0,0,-1.573434690987138,-0.8477180322684038,-0.6075057143999699,-1.0504556291421048,-1.5186063245705534,1,-0.6888549767351061,1,1,False,True,True,False,False,True,False,False,True,False,False,False,False,False
-0.9069690379148369,-1.7461302509511827,-8.116272163407169e-17,0,0,1.185624360548961,0.6705208393593762,-1.0267303671890569,-2.6377884531073293e-16,-0.15536429188684994,1,1.4197506894947323,0,1,False,False,True,False,False,False,False,True,False,False,False,False,True,False
-0.8475250044627176,1.9264875798241259,-0.316795775524771,0,1,-1.3777039104344506,1.440240692207713,-0.04853951068118712,-2.6377884531073293e-16,1.5486882489677798,1,-0.4077075545711276,1,1,True,False,False,True,False,False,False,False,True,False,True,False,False,False
-0.5503048372021215,0.6279685300608383,-0.30661912707651295,1,1,0.5602481735766931,-0.31644138143909933,-0.11841028614603497,-0.7705294196732682,-1.1777958163996276,1,0.5763084230027969,0,1,False,False,True,False,False,False,True,False,True,False,True,False,False,False
0.3116336478536075,0.7123531126080906,0.6700118699033517,0,1,-0.940511023014248,0.987570836855824,1.3488759986157697,-0.07335204707331587,0.5262567244550019,1,-1.5322972432270414,0,1,False,False,False,False,False,False,True,True,False,False,False,False,True,False
-0.9961350880930158,0.7436617404537221,-0.7644380323684906,0,0,0.2948037312889092,-0.4411899497528883,1.628359100475161,0.11529898757452914,-1.1777958163996276,1,1.2791769784127431,1,1,False,True,True,False,False,False,True,True,False,False,False,False,False,False
-0.6989149208324196,0.9306367469880815,-0.3820577483280473,1,1,-0.4337649224557385,0.14379682642139377,0.23094359117820426,1.1576241072537024,0.18544621628407598,1,-0.26713384348913843,0,1,False,True,True,False,False,True,False,True,False,False,True,False,False,False
-0.8475250044627176,0.4276357393822197,-0.6749551422358471,0,1,-1.6809063155370716,1.11290392164971,-0.8869888162593612,0.3915699304675094,-0.49617480005777587,0,-1.5322972432270414,0,1,True,False,True,False,False,False,True,True,False,False,True,False,False,False
-1.6202974393402678,0.6629248022760003,-8.116272163407169e-17,0,1,-1.2720497791645662,-0.44198179585389014,-1.0267303671890569,1.8147714071464793,0.18544621628407598,1,1.5603244005767216,1,0,True,False,True,False,False,False,True,True,False,False,True,False,False,False
-1.0555791215451351,1.9562194570130427,-0.6106290735710632,0,1,1.6377435752787888,1.0205156909891346,0.3706851421078999,-0.5336011528375676,-0.8369853082287018,1,1.4197506894947323,0,1,False,False,False,False,False,True,False,False,True,False,False,False,False,True
-1.1744671884493736,0.8714938425774371,-0.9434772766953443,1,1,0.5307045635861193,-0.7486795535411457,0.7200390194321391,1.9091588737482315,-0.8369853082287018,0,-0.8294286878170953,0,1,False,True,False,False,False,False,False,False,True,False,True,False,False,False
1.4113482667178132,1.308917460071522,2.3975987490720154,0,1,0.8421283123673253,-1.6603840129705894,1.4187467740806174,-1.6888198798487801,1.2078777407968537,0,0.8574558451667754,1,0,True,False,False,False,False,False,True,True,False,False,False,True,False,False
0.014413480593011258,1.2681300571182563,0.6082056407459712,0,1,-1.5749686568634456,-1.1738961754233168,-1.0267303671890569,1.7440642804273299,-1.5186063245705534,1,0.4357347119208077,0,1,True,False,True,False,False,True,False,True,False,False,False,True,False,False
0.7574638987445017,-0.8385898276497264,0.10043728627655973,1,0,0.340052902039648,0.9416289970140115,0.5104266930375956,0.10224780127991552,-1.1777958163996276,1,0.014013578674840039,1,1,False,False,True,False,False,True,False,True,False,False,True,False,False,False
-0.19364063648940608,-0.38086878430169746,-0.3460071041832372,0,1,0.870274095270956,-0.8075011070376322,0.9296513458266826,-1.6707153792243352,-1.1777958163996276,0,0.9980295562487647,1,1,True,False,True,False,False,False,False,False,True,False,False,False,True,False
-0.817802987736658,-0.9127651381226102,-0.9759006198479853,0,1,1.0953837361303256,1.6867053678444694,-0.1882810616108828,-0.025438000073061403,-0.8369853082287018,0,1.2791769784127431,1,1,False,True,False,False,False,False,True,False,True,False,False,False,False,False
-0.4611387870239426,-0.9176893428463656,-0.7453914420215978,1,0,-1.431603224702331,-1.4251492032637778,1.698229875940009,1.0131971475644777,-1.5186063245705534,0,-1.6728709543090308,1,0,False,True,True,False,False,False,True,True,False,False,False,False,True,False
-1.3230772720796717,0.5390592994372827,-1.1493527736222175,0,0,1.5669747017951237,1.2676516570753271,0.3706851421078999,-2.6377884531073293e-16,-1.1777958163996276,1,-0.4077075545711276,0,1,False,True,False,True,False,False,True,False,True,False,True,False,False,False
-1.1150231549972545,-1.2235722539879788,-1.2206318333129682,0,0,-1.4679886619809368,-1.4935224358892347,1.4187467740806174,0.9193915903792135,-0.8369853082287018,1,-0.8294286878170953,0,0,False,False,True,False,False,False,False,False,False,False,False,True,False,False
0.3413556645796671,1.274430852123727,1.0223230455968442,0,1,-0.17859708024148555,-0.09257560881956448,0.7200390194321391,2.020027285886275,0.5262567244550019,0,-0.9700023988990846,0,1,False,False,True,False,False,True,False,True,False,False,False,False,False,True
1.827456500882648,0.3107099707338818,-8.116272163407169e-17,1,1,-0.7882914798423575,-1.56807334220019,0.09120204024850856,0.5346346104388988,0.8670672326259278,0,1.4197506894947323,1,1,False,True,False,True,False,False,True,False,True,False,False,True,False,False
0.7277418820184421,-0.687158981537504,0.1827919858701011,1,0,1.4323933516854677,-0.5167932294175059,-1.5856965709078397,-2.6377884531073293e-16,0.8670672326259278,1,0.7168821340847862,1,1,True,False,True,False,False,True,False,False,False,True,True,False,False,False
-1.0258571048190757,-1.8830091171896868,-8.116272163407169e-17,0,0,-1.6943478372704976,-1.2001498665305868,-0.537634938935122,-2.6377884531073293e-16,-1.1777958163996276,0,-0.9700023988990846,0,1,True,False,False,False,False,True,False,True,False,False,False,False,False,True
-0.6097488706542408,-0.5155606294061039,-0.7193452607601594,1,1,-1.142475475996814,0.15783202407161795,1.1392636722212262,-1.4758393690208786,-0.8369853082287018,1,-1.1105761099810738,1,1,False,False,True,False,False,False,False,False,False,False,False,False,True,False
0.7574638987445017,1.8101136142343057,1.9119068369981533,1,0,-1.5624857186673413,1.6402347097136705,0.5802974685024435,-0.021492621220174785,-1.1777958163996276,1,-1.3917235321450523,0,0,True,False,False,False,False,False,False,True,False,False,False,True,False,False
1.2627381830875153,-0.2659523436983217,0.911641475108001,1,1,-1.2226758087598302,-1.2711501456395566,-0.9568595917242091,-1.8237025070702595,-1.5186063245705534,0,0.7168821340847862,1,1,True,False,True,False,False,False,True,True,False,False,False,False,True,False
1.3221822165396344,-3.707514742634213e-16,2.704449907461129,0,1,1.5814661198239326,-1.7177807584566511,0.30081436664305206,-0.24134408844728517,0.5262567244550019,1,0.9980295562487647,1,1,True,False,True,False,False,True,False,True,False,False,True,False,False,False
-0.16391861976334646,-3.707514742634213e-16,-0.13840658418518872,0,0,1.0412242101593572,0.7359727296614559,0.09120204024850856,-2.6377884531073293e-16,1.2078777407968537,1,-1.6728709543090308,0,1,False,True,False,True,False,False,False,True,False,False,False,True,False,False
-1.5608534058881487,-0.4848363158064972,-1.4420480042313695,0,1,0.3873490465741354,-0.031278351757354696,-0.11841028614603497,-2.6377884531073293e-16,1.5486882489677798,1,0.7168821340847862,1,1,True,False,True,False,False,False,True,True,False,False,False,False,True,False
0.16302356422330935,-0.6898478288745992,-0.22159519065407082,1,1,-0.48065236375432036,-1.4709013955246948,0.7200390194321391,-1.898715714966036,-1.5186063245705534,0,-1.3917235321450523,0,1,True,False,True,False,False,False,False,False,False,False,False,False,False,True
1.0249620492790383,-3.707514742634213e-16,0.8740505474126895,1,0,-1.5365026561023143,-0.90138764628587,-1.3062134690484484,-0.8051129529445795,0.5262567244550019,1,0.4357347119208077,0,1,False,False,False,False,True,True,False,False,False,False,False,True,False,False
0.014413480593011258,1.0900478336048363,0.5230980741738652,0,0,0.44039589358202996,1.5720048717279855,-0.25815183707573064,-2.6377884531073293e-16,-0.15536429188684994,0,0.9980295562487647,0,1,False,False,False,True,False,True,False,True,False,False,True,False,False,False
1.441070283443873,-1.8456187919429814,-8.116272163407169e-17,1,1,-1.0493651597812637,0.5365889078081221,-1.0966011426539048,-1.7613152189822188,-1.1777958163996276,1,-0.1265601324071492,1,1,False,True,True,False,False,True,False,False,True,False,False,False,False,False
-0.66919290410636,0.5484019883199204,-0.4577518478298933,1,0,-1.5057611011958936,-1.002168563196321,-1.3062134690484484,-2.6377884531073293e-16,0.5262567244550019,1,1.7008981116587107,1,1,False,False,False,False,True,False,False,True,False,False,True,False,False,False
0.3116336478536075,-3.707514742634213e-16,1.0480074305781055,1,0,-1.5214240097726164,-0.3965370775486809,-0.7472472653296656,-2.6377884531073293e-16,-1.5186063245705534,0,-0.4077075545711276,0,1,False,False,False,True,False,False,False,False,False,False,False,False,True,False
-1.0258571048190757,0.35630647236494983,-0.8708481461402383,0,1,0.34600642430236117,0.6625279865830098,0.3706851421078999,0.6128934471415146,-1.5186063245705534,1,1.7008981116587107,0,1,False,True,True,False,False,False,False,False,False,True,False,False,False,True
-1.2636332386275524,-1.570358315809688,-1.3474443599285237,1,1,0.9819693588942527,-0.5161477347625282,0.7200390194321391,-2.6377884531073293e-16,1.2078777407968537,1,0.4357347119208077,1,1,False,False,True,False,False,False,True,True,False,False,False,False,False,True
-0.19364063648940608,1.276066551011945,0.350291213396622,0,1,-1.8310996864148796,-1.4333610852307475,-0.9568595917242091,-1.5387968800601448,0.8670672326259278,0,-1.251149821063063,0,1,False,True,True,False,False,False,True,True,False,False,True,False,False,False
0.816907932196621,-3.707514742634213e-16,-0.30702207236624873,1,1,-1.2584320451786686,-0.15567203017252948,-0.8171180407945134,-1.4377693652288561,0.5262567244550019,1,-1.6728709543090308,1,1,False,False,False,False,False,True,False,False,False,False,False,False,False,False
-1.2041892051754333,1.3604248457305184,-0.9090421669582125,1,0,0.7330544435712867,0.31314955825037283,-1.3062134690484484,-0.7856836304412517,-1.1777958163996276,0,0.014013578674840039,1,1,True,False,False,False,False,False,True,True,False,False,False,True,False,False
-1.3825213055317909,-0.5127318776534521,-8.116272163407169e-17,0,0,-0.25769069200128797,-0.23467174554539477,1.209134447686074,-1.8833789399600216,-0.15536429188684994,0,0.5763084230027969,0,1,False,False,False,False,False,False,False,False,False,False,False,False,True,False
1.351904233265694,1.1074403027320414,2.151289141293383,0,0,-1.2777218512765944,-0.30505098194585223,0.9995221212915305,-1.053167401266223,-1.1777958163996276,0,0.8574558451667754,0,0,True,False,True,False,False,False,False,False,False,True,False,False,False,True
-0.9664130713669561,0.14778094309830378,-8.116272163407169e-17,1,1,-0.8252868696822123,1.558764577571582,-0.25815183707573064,0.48684794692956085,0.18544621628407598,1,-0.5482812656531169,1,1,True,False,False,True,False,False,True,True,False,False,False,False,True,False
1.5302363336220517,-1.549910473579394,-0.019411389203231107,0,1,1.5510704005401696,-0.27323429250346726,1.1392636722212262,-2.6377884531073293e-16,1.2078777407968537,1,-1.251149821063063,1,1,True,False,False,False,True,True,False,True,False,False,False,True,False,False
-0.9069690379148369,-3.707514742634213e-16,-0.7183159606342899,1,1,-0.19477281155162104,-0.3373710645152308,1.4886175495454654,0.5076373002483453,-1.5186063245705534,1,-0.6888549767351061,0,1,False,False,False,False,False,True,False,False,False,False,False,False,True,False
0.5791317983881441,1.2740496212017927,-8.116272163407169e-17,0,0,1.540770537488368,-1.3484971086171966,0.6501682439672912,0.40949548695665444,-1.1777958163996276,0,-1.1105761099810738,0,0,False,False,False,False,True,False,True,True,False,False,False,False,False,True
1.203294149635396,1.5459957170299499,2.325438654814597,0,1,-1.5176521114284494,-1.315864882347563,-0.7472472653296656,-0.08386475509346963,0.18544621628407598,0,0.5763084230027969,1,1,True,False,True,False,False,False,False,True,False,False,True,False,False,False
0.4899657482099652,-3.707514742634213e-16,1.642028708282031,1,1,0.03999711489440669,-0.21379842134588056,0.5802974685024435,0.4824554503750329,0.8670672326259278,0,0.7168821340847862,0,1,False,False,False,True,False,False,False,False,False,True,True,False,False,False
-0.66919290410636,1.3352499335332049,-8.116272163407169e-17,1,1,-0.6412144283597176,-0.9840548343839572,0.6501682439672912,-2.6377884531073293e-16,-1.5186063245705534,1,-1.5322972432270414,0,1,False,False,False,False,False,False,True,False,True,False,True,False,False,False
0.5791317983881441,1.4277118470956887,-8.116272163407169e-17,1,1,-1.224881367087813,-0.19169069763550833,0.9296513458266826,-2.6377884531073293e-16,-0.8369853082287018,1,1.2791769784127431,0,1,True,False,False,False,False,False,False,True,False,False,False,False,False,True
0.3413556645796671,-0.7947734066219846,-0.1541231357035976,1,1,0.43276241337023946,-0.1350933990179633,0.9296513458266826,-0.7746362751358639,-1.1777958163996276,0,0.8574558451667754,0,1,False,False,True,False,False,False,False,False,False,False,False,False,False,False
0.8763519656487402,1.4274885477075323,1.804764332144233,0,1,1.095238707487055,-0.30122920019789384,1.1392636722212262,0.12626955039217097,-0.8369853082287018,0,-1.251149821063063,1,0,False,False,True,False,False,False,True,False,False,False,False,True,False,False
-0.07475256958516761,-0.9392900152773899,-0.5041437404981206,1,1,1.546051188192699,-1.2459394547570226,-0.46776416347027416,-2.6377884531073293e-16,-0.8369853082287018,1,1.4197506894947323,1,1,False,False,True,False,False,False,False,True,False,False,False,False,False,False
0.5196877649360249,1.8550599864267718,1.6053853053307134,0,0,-0.24079948101793125,-0.07640682570775152,-1.6555673463726874,-1.182521914400069,-0.15536429188684994,1,1.138603267330754,1,1,True,False,True,False,False,False,False,True,False,False,False,False,False,False
1.4113482667178132,-0.5025708111603426,0.8303265297197351,1,1,-0.8966053027615434,-0.532388422045681,0.9296513458266826,-2.6377884531073293e-16,-1.5186063245705534,1,-0.26713384348913843,1,1,False,True,True,False,False,False,False,True,False,False,True,False,False,False
-0.7880809710105985,1.300719545394115,-0.39114687914540036,1,1,0.6900988454845368,1.0877094405727867,1.209134447686074,-2.6377884531073293e-16,1.2078777407968537,1,-1.3917235321450523,1,1,True,False,False,False,False,True,False,False,True,False,False,False,False,True
1.054684066005098,-3.707514742634213e-16,0.7129187002658329,1,0,-0.73267803566214,-1.5094598227183995,-1.2363426935836004,1.747481392391722,0.8670672326259278,0,0.15458728975682928,0,1,False,False,False,False,False,False,False,False,True,False,False,False,True,False
-0.9961350880930158,1.8754530339133904,-0.5406189038160492,0,0,-1.5599417761091925,-1.3986712867040618,-1.3760842445132961,2.0726369044993533,-1.5186063245705534,1,-0.6888549767351061,0,1,True,False,True,False,False,False,True,False,True,False,True,False,False,False
-0.9366910546408965,0.08068260364633426,-0.8404725399111157,1,1,0.39831345177536576,1.3013379823445592,0.8597805703618348,-0.6036564061519467,-1.5186063245705534,0,1.138603267330754,1,1,False,False,False,False,False,True,False,True,False,False,True,False,False,False
-1.6797414727923872,-3.707514742634213e-16,-1.5280711710916175,1,0,0.3575360742441425,-0.7650453169492103,0.23094359117820426,1.3673866692294236,1.5486882489677798,0,0.014013578674840039,0,1,True,False,False,False,False,True,False,True,False,False,False,False,False,False
-0.015308536133048362,1.122830600502636,0.5026412148672784,1,1,-0.5392353545672212,-1.455727204341195,1.4187467740806174,0.8312656448554482,-1.5186063245705534,0,-0.4077075545711276,1,1,False,False,True,False,False,True,False,False,True,False,True,False,False,False
-1.2636332386275524,-3.707514742634213e-16,-1.297139761262467,1,1,0.7748996982256728,0.7890562737305065,1.0693928967563784,0.20515861086842038,1.2078777407968537,1,1.4197506894947323,0,1,False,False,False,False,False,False,True,False,True,False,False,False,False,False
-0.37197273684576376,-1.0034393345363497,-0.7192553774215968,1,1,0.0953813002415565,-1.6315448694895838,0.44055591757274776,-2.6377884531073293e-16,1.5486882489677798,0,-1.3917235321450523,0,0,True,False,False,False,False,False,True,True,False,False,True,False,False,False
1.054684066005098,0.3313588189827527,1.196599676400299,0,0,0.08622159994363716,0.4840967239348869,1.279005223150922,1.6143501834512033,-0.15536429188684994,1,-0.8294286878170953,0,1,False,False,False,True,False,False,False,False,False,False,False,False,False,True
1.1438501161832768,1.3195482501651303,2.067090896860762,0,0,1.2366841528160133,-0.5362487475891042,0.5104266930375956,-2.6377884531073293e-16,-0.8369853082287018,0,-0.8294286878170953,0,1,True,False,False,False,False,False,False,True,False,False,True,False,False,False
-0.9366910546408965,0.6552908067494546,-0.7173706332057417,1,0,0.6234328645663025,1.0794967329533884,-1.2363426935836004,-1.2464917834229912,-0.8369853082287018,1,1.4197506894947323,0,0,True,False,True,False,False,False,False,False,False,True,False,True,False,False
0.4899657482099652,-0.6985248178758628,0.006181099430393547,0,0,-0.9693846454840284,-0.45260424122520976,0.6501682439672912,-2.6377884531073293e-16,0.18544621628407598,1,0.2951610008388185,0,1,False,False,False,False,False,False,True,False,False,False,False,False,False,False
-1.5014093724360293,-0.8505792995051735,-8.116272163407169e-17,0,0,0.5593710654719,-0.7855104524183688,1.4886175495454654,0.5380167354073968,0.8670672326259278,0,-0.6888549767351061,0,1,False,True,True,False,False,True,False,False,True,False,False,True,False,False
0.8763519656487402,0.7070030471588103,1.288271726994623,1,1,1.4857960709126465,0.6234800699116598,0.30081436664305206,1.7329101358025163,-0.15536429188684994,0,0.15458728975682928,0,1,True,False,False,False,False,False,True,False,True,False,False,False,False,False
-1.1744671884493736,-0.699411923751214,-1.1764699417450868,0,1,-0.8224300655368378,0.9292789849973004,0.7200390194321391,-0.7266058568332823,-1.1777958163996276,1,1.4197506894947323,1,1,False,False,True,False,False,False,True,True,False,False,False,False,False,True
-1.3230772720796717,-3.707514742634213e-16,-1.1988458316039785,1,0,-1.0961460723599692,-0.6352416960321237,-0.3280226125405785,-2.6377884531073293e-16,0.18544621628407598,1,0.7168821340847862,0,1,True,False,False,False,True,False,False,False,False,False,False,False,False,False
-1.3527992888057314,1.9363400724779336,-1.0425060027983175,1,1,-0.7494973144389151,1.5731268820505686,-0.25815183707573064,1.4490446260664716,0.18544621628407598,1,1.4197506894947323,1,0,True,False,False,True,False,True,False,True,False,False,False,False,True,False
-0.8475250044627176,-0.06728714992945614,-0.7932198458068311,0,0,-0.051847874321032175,0.591721375098055,-0.04853951068118712,-2.6377884531073293e-16,-0.49617480005777587,1,-0.9700023988990846,1,1,False,True,False,True,False,True,False,False,False,True,False,True,False,False
-1.5905754226142081,-0.7781436030759868,-1.4745924247158428,0,0,-1.0395100873748477,1.7081765412647099,1.209134447686074,0.20311157618228523,0.18544621628407598,1,-0.26713384348913843,0,1,True,False,True,False,False,False,False,False,False,False,True,False,False,False
-0.7880809710105985,0.7317372130489758,-0.5364851821750541,0,1,0.38013048815823974,-0.9224647838109838,-1.3062134690484484,1.9937642979341261,1.2078777407968537,1,-1.5322972432270414,0,1,False,False,True,False,False,True,False,True,False,False,False,False,True,False
0.25218961440148824,0.3766029046011515,0.42193697332451097,1,0,-0.055998255532139544,0.23506472950564802,1.209134447686074,-0.49585048290292083,0.5262567244550019,1,-1.1105761099810738,0,1,False,False,False,False,False,True,False,True,False,False,False,False,True,False
0.7277418820184421,1.4849747813151128,1.65043363773116,0,1,0.4232000146125835,-0.06478581893742874,-0.6773764898648177,1.5702245624538305,-1.5186063245705534,0,-1.3917235321450523,0,1,False,False,True,False,False,False,False,False,True,False,False,True,False,False
-0.4611387870239426,1.6227635134283183,0.13379309357704977,1,0,-1.1940765439148129,-0.30234009411275725,0.30081436664305206,-2.6377884531073293e-16,0.8670672326259278,1,0.15458728975682928,1,1,True,False,True,False,False,False,True,False,True,False,False,False,True,False
-1.5905754226142081,0.536724841823653,-1.4312551193311276,1,0,0.332183206825481,-0.22571904999335926,0.23094359117820426,1.4189824167559442,0.5262567244550019,0,0.5763084230027969,0,1,True,False,False,False,False,True,False,True,False,False,False,False,False,False
-1.2041892051754333,0.17828519472903379,-1.0746333908267383,1,0,-1.7187714863934742,-1.4235211323006984,-0.7472472653296656,-2.6377884531073293e-16,-0.8369853082287018,0,0.8574558451667754,1,1,False,False,True,False,False,False,True,True,False,False,False,True,False,False
-0.817802987736658,-0.8953987302042661,-0.9716077189518223,1,0,1.5477211551571397,-0.7252086882443065,-1.0966011426539048,0.3490574149901895,-1.1777958163996276,1,-0.9700023988990846,1,0,True,False,False,False,False,False,False,False,False,True,False,False,False,False
-1.0853011382711948,0.3539930749132565,-0.9308646029615071,1,1,0.07267718781414804,0.7709860099567682,0.30081436664305206,-0.75539501532179,0.18544621628407598,0,-0.9700023988990846,0,1,True,False,True,False,False,True,False,False,False,False,True,False,False,False
0.6980198652923826,-0.9533434410910249,-0.016077132062552568,1,1,-0.37894352328900593,1.519300160590521,-0.46776416347027416,-0.41325471759286175,-0.49617480005777587,1,-1.251149821063063,1,0,False,True,False,False,False,False,False,False,False,False,True,False,False,False
-0.4016947535718234,-3.707514742634213e-16,0.08416167029767088,1,0,1.2951598730691434,-0.8294410330525773,1.628359100475161,-2.6377884531073293e-16,1.5486882489677798,1,1.138603267330754,1,1,True,False,False,True,False,True,False,False,False,True,False,False,True,False
0.13330154749724973,-1.2970925310711698,-0.5530068502858423,0,0,-0.5271205465133043,-0.4530690915236541,0.3706851421078999,-1.667229168190888,0.5262567244550019,0,0.15458728975682928,1,1,True,False,True,False,False,False,True,False,False,False,False,False,True,False
-0.5800268539281811,-3.707514742634213e-16,-0.10949987820086449,1,1,-0.1266947080453639,-0.729493533741423,-1.5856965709078397,1.4387125685833309,-1.5186063245705534,1,-1.5322972432270414,0,1,False,True,False,False,False,False,False,False,True,False,False,True,False,False
-0.16391861976334646,0.9586597284016498,0.251677885696942,0,0,1.570477605543485,1.4605144117676934,-1.3062134690484484,0.1585322081098332,-1.5186063245705534,0,0.4357347119208077,1,1,False,False,False,True,False,False,False,True,False,False,False,True,False,False
-0.015308536133048362,-0.43071143123862476,-0.22701363500896715,0,0,0.4120720175506736,0.3193246411415804,0.5104266930375956,-2.6377884531073293e-16,-0.15536429188684994,1,1.2791769784127431,1,0,True,False,False,False,False,True,False,False,False,False,False,False,True,False
0.816907932196621,0.7159643438471064,-8.116272163407169e-17,1,1,-0.9254914300714251,-0.42738444730908315,0.8597805703618348,1.3539441685329325,-0.8369853082287018,0,1.2791769784127431,0,1,True,False,False,False,True,False,False,False,True,False,False,True,False,False
1.6788464172523498,1.656254975045807,3.0627850914642796,1,1,0.7567156114979253,-1.4083544981040277,-1.0966011426539048,1.6066237849312628,-1.5186063245705534,1,0.9980295562487647,0,1,True,False,True,False,False,True,False,False,True,False,True,False,False,False
-0.66919290410636,1.6046129698867957,-0.15314593244834435,0,0,1.0406390340520233,-0.6434474672738819,1.628359100475161,0.14358468087713178,-1.5186063245705534,1,0.4357347119208077,0,1,False,True,False,True,False,True,False,True,False,False,False,False,False,True
1.5005143168959922,-3.707514742634213e-16,-8.116272163407169e-17,1,1,0.22463046912799828,0.4318649417699882,-1.515825795442992,-2.6377884531073293e-16,0.8670672326259278,1,0.5763084230027969,0,1,False,True,True,False,False,False,False,True,False,False,True,False,False,False
-1.3527992888057314,1.633930861848336,-1.0724077021577674,1,1,0.6796409731985199,-0.47778415118307377,1.4187467740806174,-1.4525450243565512,0.8670672326259278,1,1.4197506894947323,1,1,True,False,False,False,True,False,False,True,False,False,False,False,False,False
0.46024373148390557,-3.707514742634213e-16,-0.1399592681033437,1,0,0.27245996911140763,1.3729469182295977,-1.445955019978144,-1.7234441734803612,-0.15536429188684994,1,0.8574558451667754,1,1,True,False,True,False,False,False,True,True,False,False,True,False,False,False
1.6194023838002305,0.8206873572202719,2.2106310157408853,1,1,-1.0331833385441718,1.286027613028462,-0.7472472653296656,-2.6377884531073293e-16,-1.1777958163996276,0,1.2791769784127431,1,1,True,False,False,False,False,False,False,False,False,False,False,False,False,False
-0.817802987736658,0.7611183747341489,-8.116272163407169e-17,0,1,0.044765383712976024,-0.33435474949735944,1.4886175495454654,1.5837118364506995,1.5486882489677798,0,0.4357347119208077,1,1,False,True,False,False,False,False,True,True,False,False,False,False,False,True
1.0249620492790383,0.10373373935351814,0.9944421646691841,0,0,0.1461278427859046,-1.3866998479696881,0.789909794896987,-1.8201393102524281,0.8670672326259278,1,1.7008981116587107,1,1,True,False,True,False,False,True,False,False,False,False,False,True,False,False
1.7085684339784095,-0.30406088315348206,1.2457417632250307,0,1,0.7137650824557952,-1.0610907303828618,0.5802974685024435,-0.437446983497893,-0.8369853082287018,0,-0.8294286878170953,0,1,False,True,False,True,False,False,True,False,False,False,True,False,False,False
-0.37197273684576376,-3.707514742634213e-16,-0.12627212516496691,0,1,0.6593679371689282,0.18553107001972002,-1.3760842445132961,-2.6377884531073293e-16,0.18544621628407598,0,-0.5482812656531169,0,1,True,False,False,True,False,False,True,False,True,False,False,False,False,False
1.2627381830875153,-1.6076861227172194,-0.19392780735295773,0,0,0.0444140926082799,0.5998145726070557,1.4886175495454654,-1.4716528134524534,0.8670672326259278,1,-1.6728709543090308,0,1,False,False,True,False,False,False,True,True,False,False,True,False,False,False
1.0249620492790383,0.9689234464394156,1.6503136976990789,0,1,0.41504855369148463,0.6504162448073957,-1.6555673463726874,-0.012187704685738885,-0.15536429188684994,0,0.7168821340847862,1,1,True,False,True,False,False,False,True,False,True,False,False,True,False,False
0.6980198652923826,-1.8825309857448587,-0.6362432117227603,0,0,-1.3911217177507156,-1.3039023626916029,-0.04853951068118712,-0.0071684889689517415,0.5262567244550019,0,1.5603244005767216,0,1,False,True,True,False,False,False,False,True,False,False,True,False,False,False
0.3413556645796671,-0.2796163674847552,0.13876942379190998,0,1,-1.0468151304220008,0.03249587863029381,-0.6075057143999699,-2.6377884531073293e-16,-1.5186063245705534,1,-0.4077075545711276,0,1,True,False,False,False,False,False,True,True,False,False,True,False,False,False
-0.015308536133048362,-0.464651955171678,-0.24295454126647947,0,0,-1.2933425577106805,1.083760284678955,1.0693928967563784,-0.46119724067769163,-0.49617480005777587,0,1.7008981116587107,0,1,True,False,False,False,False,True,False,False,True,False,False,False,False,True
-0.3125287033936445,0.9332390875744615,0.06797624863319485,0,1,0.46493804246776843,-1.3509949205295373,-1.3760842445132961,-2.6377884531073293e-16,1.5486882489677798,0,0.2951610008388185,0,1,True,False,True,False,False,True,False,False,True,False,True,False,False,False
0.6385758318402633,-0.8600910578100233,-8.116272163407169e-17,0,0,-0.0631547781790296,1.0318434178437432,0.021331264783660715,2.0117599108030775,-0.15536429188684994,1,-1.251149821063063,0,1,False,True,True,False,False,False,True,False,False,True,True,False,False,False
0.28191163112754786,0.21720450051678958,0.3639131591406638,1,0,-1.5285957275012374,-1.3120777230785996,1.0693928967563784,-2.6377884531073293e-16,-1.1777958163996276,1,1.4197506894947323,0,1,False,False,True,False,False,False,True,False,False,False,True,False,False,False
-1.5608534058881487,1.6065092342345357,-1.355886075714244,1,0,1.3407273004821512,0.6338099041267349,0.09120204024850856,1.6057800028500249,-0.49617480005777587,0,0.15458728975682928,1,1,False,False,False,False,False,False,True,False,False,False,False,True,False,False
-0.817802987736658,0.869932732524903,-0.5352254196295915,1,1,-0.32437820321518385,-1.3227542316466854,-0.39789338800542634,-1.6749871650652215,0.8670672326259278,0,-1.1105761099810738,0,1,False,False,False,False,False,True,False,True,False,False,False,False,False,False
0.9952400325529787,-0.8715182410223328,0.23544510569530566,1,0,-0.6992394777125629,-0.4030926194288481,0.44055591757274776,1.4016818633260246,-1.5186063245705534,1,-1.5322972432270414,0,1,False,False,False,True,False,False,False,False,False,True,True,False,False,False
-1.531131389162089,-1.3688620857760914,-8.116272163407169e-17,1,1,-1.1506300615636154,0.45330941764864363,1.628359100475161,0.9351563401588086,0.8670672326259278,1,-0.1265601324071492,1,1,False,True,False,True,False,False,False,False,False,False,False,False,True,False
1.2924601998135747,-3.707514742634213e-16,-0.1629756469841748,0,0,-0.4390699474793821,-0.32854973031547074,-0.9568595917242091,0.9177483346902835,-0.8369853082287018,0,0.014013578674840039,1,1,False,True,False,True,False,False,False,False,False,False,False,True,False,False
0.3710776813057267,-0.4883977378636511,0.04291460147753396,1,0,-0.8364389038965754,-0.9612443980558399,-1.6555673463726874,-0.352578050206787,1.2078777407968537,1,-0.9700023988990846,1,1,False,True,True,False,False,False,True,True,False,False,False,False,True,False
-1.2041892051754333,-3.707514742634213e-16,-1.1808991934807642,1,1,1.199503879703597,0.46687879486051903,1.4886175495454654,-0.3457298075242757,-1.5186063245705534,1,0.15458728975682928,0,1,False,True,True,False,False,False,True,False,False,False,False,False,False,False
1.5302363336220517,0.22686831487954162,1.5763923151176067,1,1,-0.08855771642527603,-0.7086487196364525,0.9995221212915305,-1.2044870427036953,-0.15536429188684994,1,-1.3917235321450523,1,1,True,False,False,True,False,False,False,False,True,False,False,False,False,True
0.3710776813057267,-1.9137712161688587,-0.7792264303751061,1,0,-0.6065573547952736,1.4190509134626494,0.9995221212915305,0.6065001883277588,1.2078777407968537,1,1.7008981116587107,1,1,False,False,True,False,False,True,False,True,False,False,False,False,False,False
-0.9069690379148369,-0.6941900655636934,-0.9853262180579381,0,1,-1.6737195564553478,0.8361357745821045,-0.04853951068118712,-2.6377884531073293e-16,0.8670672326259278,0,-0.1265601324071492,0,1,True,False,False,True,False,False,False,False,True,False,False,True,False,False
-0.6989149208324196,1.724487805679439,-8.116272163407169e-17,1,1,-0.670298742342909,0.5004277335436321,0.5104266930375956,-0.649489350478404,1.5486882489677798,0,0.2951610008388185,0,0,False,False,False,True,False,False,False,False,False,False,True,False,False,False
-0.13419660303728684,0.3885224354383319,0.03746326598769621,1,1,-1.2350471815218704,1.024617942825598,-1.7254381218375354,0.5251470020361352,0.8670672326259278,0,0.9980295562487647,0,1,False,False,True,False,False,True,False,False,False,False,False,False,False,False
1.5302363336220517,-0.7797539281554774,0.6723003061848019,1,0,-1.0395109248661236,1.7195859864230512,-0.39789338800542634,-2.6377884531073293e-16,0.8670672326259278,1,0.2951610008388185,1,1,False,False,False,True,False,False,False,True,False,False,False,False,False,False
1.351904233265694,1.0237322430804006,-8.116272163407169e-17,1,0,0.9805208259773159,0.7652729391872232,-0.6075057143999699,0.9690871766867961,0.18544621628407598,1,0.5763084230027969,1,1,False,True,False,False,False,True,False,True,False,False,True,False,False,False
1.5302363336220517,-1.298794253089673,0.2061272076527766,1,1,-1.1794619230536076,0.8156804396350351,0.3706851421078999,-2.6377884531073293e-16,-1.1777958163996276,1,-0.6888549767351061,1,1,False,False,False,True,False,True,False,True,False,False,False,False,True,False
0.5791317983881441,-1.9188231276883652,-0.704710962952588,0,1,-0.7350370670360421,-1.2476144908058666,-1.2363426935836004,-0.008622777892995695,0.18544621628407598,0,1.4197506894947323,0,1,False,False,True,False,False,False,True,False,True,False,False,False,False,True
0.25218961440148824,0.01585208721409996,-8.116272163407169e-17,0,1,-0.3557580269618276,1.0213276154084727,0.5104266930375956,-0.12090442595212907,1.2078777407968537,1,1.4197506894947323,1,1,False,True,True,False,False,False,True,True,False,False,False,False,False,True
0.19274558094936897,1.8057675282022863,1.1156574043827983,1,1,-1.401705098855798,-1.459557522612455,0.5802974685024435,1.7853876733185912,-0.8369853082287018,1,1.4197506894947323,0,1,True,False,False,True,False,True,False,False,False,True,False,True,False,False
0.3413556645796671,-1.3180573947175034,-0.45163627242206095,0,1,0.36996587806829395,0.7907343392587388,-0.8171180407945134,-1.6360859331623503,0.18544621628407598,1,-1.251149821063063,0,1,True,False,False,False,False,True,False,False,True,False,False,True,False,False
-0.16391861976334646,-0.42963675465261014,-8.116272163407169e-17,0,0,-0.5396012089923501,0.22141191068145274,1.209134447686074,1.8631981071934713,1.5486882489677798,0,1.4197506894947323,1,1,True,False,False,True,False,False,False,True,False,False,True,False,False,False
0.4899657482099652,-0.7646219991600784,-0.03412161238662685,0,1,1.3531675598516693,0.7723420132705711,1.1392636722212262,1.423958112171279,-0.15536429188684994,0,1.4197506894947323,0,0,False,False,True,False,False,True,False,True,False,False,False,True,False,False
1.2330161663614556,-1.1751223754359563,0.1453091577266878,0,1,-1.7532050219049446,-1.148221154051928,-0.1882810616108828,0.23114033062588382,0.8670672326259278,0,0.7168821340847862,1,1,False,False,False,True,False,False,True,False,True,False,False,False,False,False
-1.3527992888057314,0.3230942688725657,-1.2020209557717139,0,1,0.3873882182542232,-0.8946566485910802,1.0693928967563784,-2.6377884531073293e-16,0.18544621628407598,1,-1.6728709543090308,1,1,True,False,False,True,False,False,True,True,False,False,False,True,False,False
-0.7583589542845388,-0.8649916754861299,-0.9246017142460119,1,0,1.613975028287736,1.6851872297498531,1.698229875940009,1.4433489329594746,-1.5186063245705534,0,-1.1105761099810738,0,1,False,False,True,False,False,True,False,True,False,False,False,True,False,False
0.2224675976754286,-0.3429147852052216,0.006594727534814108,1,0,-1.6325761432790906,0.03833266210253299,0.021331264783660715,0.07395745224967495,0.18544621628407598,0,-0.8294286878170953,0,1,True,False,True,False,False,False,False,True,False,False,False,False,True,False
0.8466299489226806,-0.158287293513858,0.6424053466801987,1,0,-1.5235571341853156,0.6152575047833823,-0.25815183707573064,-2.6377884531073293e-16,-0.15536429188684994,1,-0.9700023988990846,0,1,False,False,True,False,False,False,True,False,True,False,False,False,True,False
1.1735721329093363,1.044219405992561,1.8847749602415127,1,1,1.1527106898809558,0.3463241733918665,0.3706851421078999,0.6444541767790893,-0.15536429188684994,0,-0.5482812656531169,0,1,False,True,False,False,False,True,False,True,False,False,True,False,False,False
-0.9366910546408965,0.7080067133324722,-0.7060769750591535,0,1,-0.5730862103195737,-0.25584754031424695,-0.6773764898648177,-0.22885687848764533,1.2078777407968537,0,-1.5322972432270414,0,1,False,True,False,True,False,True,False,True,False,False,False,False,True,False
0.8763519656487402,0.7843527272304172,-8.116272163407169e-17,1,1,-1.215830591458558,0.944932508777199,0.23094359117820426,-2.6377884531073293e-16,-1.1777958163996276,1,-0.8294286878170953,1,0,False,True,True,False,False,False,False,False,False,True,False,False,True,False
1.054684066005098,-1.8385942769259935,-8.116272163407169e-17,0,1,0.20704875015863,-0.07113621625221761,0.3706851421078999,-0.5568596293307114,-0.49617480005777587,0,1.2791769784127431,1,1,False,True,True,False,False,False,True,True,False,False,False,True,False,False
1.054684066005098,-0.19486487852398593,0.7933509908335895,0,1,1.3955657094527647,0.9569763478699443,0.5104266930375956,-0.6311903231450021,1.5486882489677798,0,0.15458728975682928,0,1,True,False,False,True,False,False,True,False,True,False,True,False,False,False
-1.5608534058881487,-3.707514742634213e-16,-1.431647605057072,0,1,-0.48171155689468387,0.5003630552501982,1.0693928967563784,-2.6377884531073293e-16,-0.8369853082287018,1,0.7168821340847862,0,1,True,False,False,False,False,False,False,False,False,False,False,False,False,False
0.25218961440148824,-1.3179555640279257,-8.116272163407169e-17,1,0,-1.736561226717218,-0.911926460305736,-0.46776416347027416,0.6090897561654212,0.5262567244550019,1,1.5603244005767216,0,1,True,False,False,True,False,False,False,False,True,False,False,False,True,False
1.4707923001699326,-3.707514742634213e-16,2.2585159761655675,0,1,-0.3398698386676896,0.12030565236858609,0.6501682439672912,-2.6377884531073293e-16,-1.5186063245705534,1,-0.4077075545711276,1,1,True,False,True,False,False,False,True,False,True,False,True,False,False,False
0.8466299489226806,-0.530905207308018,0.3783580100300065,1,0,-0.8656986288206744,-1.075442725201358,-0.04853951068118712,-0.2968730835804775,1.2078777407968537,0,1.2791769784127431,0,1,False,True,True,False,False,False,False,False,False,True,False,False,False,True
-0.37197273684576376,-1.282550586950052,-8.116272163407169e-17,0,0,1.2645636735889967,-0.4066692521996266,-0.04853951068118712,-1.2655744696003415,1.5486882489677798,0,1.138603267330754,1,1,False,True,True,False,False,False,True,False,False,True,False,False,False,False
1.0249620492790383,-0.5194807145320055,0.522004020839411,1,0,0.7689513498476075,-1.0186558754460087,-0.8171180407945134,-1.6388785566034052,-1.5186063245705534,0,0.8574558451667754,1,1,True,False,True,False,False,False,True,True,False,False,True,False,False,False
-0.66919290410636,1.604125626172491,-8.116272163407169e-17,1,1,-0.7123671756525407,1.4570787274990495,-1.0966011426539048,0.6630784675199066,0.5262567244550019,0,-0.26713384348913843,0,1,True,False,False,True,False,False,True,False,True,False,True,False,False,False
0.9357959991008594,-1.1719691625278494,-0.02427168187340934,0,0,-0.5073007191250714,-0.5902407620384956,0.6501682439672912,1.9930368618380019,-1.1777958163996276,1,0.2951610008388185,1,1,True,False,True,False,False,True,False,True,False,False,False,True,False,False
-0.2233626532154657,-1.1539859382582318,-0.6882596553594887,1,0,-0.4076422086748614,-1.2744380768409154,-1.2363426935836004,-2.6377884531073293e-16,-1.1777958163996276,1,-0.6888549767351061,1,0,False,True,True,False,False,False,True,False,False,True,False,False,False,True
-0.2828066866675849,-0.1667005741114738,-0.33250235327194105,1,1,1.5186177791371294,1.1610576658418608,-1.515825795442992,-2.6377884531073293e-16,0.8670672326259278,0,-0.6888549767351061,0,1,True,False,False,True,False,False,True,False,True,False,False,False,False,False
1.738290450704469,-3.707514742634213e-16,2.302756564787581,0,1,1.0286496663094185,1.716559989191746,1.698229875940009,1.9594069417089277,-1.5186063245705534,0,0.2951610008388185,0,1,True,False,False,False,False,True,False,True,False,False,False,True,False,False
1.4113482667178132,0.09578875843663982,1.3480181678638847,1,1,-1.049128077823353,0.5483131203955793,1.0693928967563784,1.8035358030249862,0.8670672326259278,0,-1.5322972432270414,0,1,False,True,False,False,False,False,False,True,False,False,False,True,False,False
-0.9366910546408965,0.4773368138307102,-8.116272163407169e-17,1,0,-0.5843698566403138,0.2508536584102099,-1.6555673463726874,-1.174481225877747,-1.5186063245705534,1,1.5603244005767216,0,1,False,True,False,False,False,True,False,True,False,False,False,False,True,False
-0.6097488706542408,-3.707514742634213e-16,-0.7948259140754342,1,0,-0.9340734361187306,-1.6965117995464702,1.4886175495454654,0.11364730269583714,-1.1777958163996276,1,-0.26713384348913843,0,1,True,False,False,False,False,False,False,False,False,True,False,False,False,False
-0.4611387870239426,-1.1354787160333724,-0.8207626690257945,1,0,-0.283819297565222,1.2963136468814154,0.789909794896987,1.152589533212743,-0.15536429188684994,1,0.5763084230027969,0,1,True,False,True,False,False,False,True,True,False,False,False,False,False,False
1.6788464172523498,-3.707514742634213e-16,-8.116272163407169e-17,1,1,-1.4720247335147196,0.5705324969124056,1.628359100475161,-1.6541015944726167,-0.8369853082287018,1,1.4197506894947323,1,1,False,False,False,True,False,False,False,True,False,False,False,True,False,False
0.04413549731907088,-1.6726279705994427,-0.7841268863136895,1,0,0.8815331639295959,-1.2829130527946928,-0.537634938935122,-1.0192431905509376,-0.49617480005777587,1,1.138603267330754,1,1,True,False,False,False,False,False,True,False,False,False,False,False,True,False
1.1735721329093363,1.6964824551935793,2.4061066450217954,1,1,0.9281043431982733,-1.2275069446737286,0.30081436664305206,-0.3618045281512166,-0.49617480005777587,1,0.2951610008388185,1,1,False,True,True,False,False,True,False,False,True,False,False,True,False,False
0.6385758318402633,0.0010531474845004206,0.5671524961571995,1,1,-0.13144167596718268,-1.2373333414862457,-0.39789338800542634,-0.17351049393063858,-0.8369853082287018,1,-0.6888549767351061,1,1,True,False,False,False,False,True,False,True,False,False,False,False,True,False
-0.4016947535718234,-3.707514742634213e-16,-0.6644679373941234,0,1,-0.5202024967306309,0.4357870080859649,0.8597805703618348,0.4936641279673069,1.2078777407968537,1,1.5603244005767216,1,1,False,False,True,False,False,False,True,True,False,False,False,True,False,False
0.014413480593011258,0.8148880716114559,-8.116272163407169e-17,1,1,1.016686250959558,-1.4218802953516663,-0.1882810616108828,-1.6317135691416402,0.18544621628407598,1,-0.4077075545711276,0,1,False,False,True,False,False,False,False,False,False,True,False,True,False,False
0.5494097816620844,-0.09715951686032606,0.42500635195315056,1,1,0.9947210705899081,0.21363834411924942,-0.3280226125405785,-0.1377962024206731,-0.15536429188684994,1,-0.9700023988990846,0,1,False,True,False,False,False,True,False,False,False,False,False,False,False,False
